TimeUTC,timestampInMs,requestPath,requestMethod,requestQueryString,responseStatusCode,requestId,requestUserAgent,level,environment,branch,vercelCache,type,function,host,deploymentDomain,deploymentId,durationMs,region,maxMemoryUsed,memorySize,message,projectId,traceId,sessionId,invocationId,instanceId,concurrency,workflowRunId,workflowStepId
2026-08-21 07:52:33,1787298753449,www.staffordshirewoodfuels.co.uk/api/log-drain,POST,,200,gqtdm-1787298753449-9a6d690b998a,VercelDrain/1.0 (+https://vercel.com/docs/drains),,production,main,MISS,middleware,/_middleware,www.staffordshirewoodfuels.co.uk,staffordshire-6diohmfiq-mailfoundry.vercel.app,dpl_BqZmMgBcQPGTJuXAod98WZ9BGGXX,5,iad1,342,2048,,prj_8iQOrGzJ1eJ6OttmZ8LMj00sqIqX,,,01M0HMXAXGX9FQGYHCFY1NKW3S,jYwSUfQKo6zE,1,,
2026-08-21 07:52:33,1787298753449,www.staffordshirewoodfuels.co.uk/api/log-drain,POST,,200,gqtdm-1787298753449-9a6d690b998a,VercelDrain/1.0 (+https://vercel.com/docs/drains),,production,main,MISS,function,/api/log-drain,www.staffordshirewoodfuels.co.uk,staffordshire-6diohmfiq-mailfoundry.vercel.app,dpl_BqZmMgBcQPGTJuXAod98WZ9BGGXX,5,iad1,320,2048,,prj_8iQOrGzJ1eJ6OttmZ8LMj00sqIqX,,,01M0HMXAXZB7XFEWX8H31VJNX8,qohtDSwBu4Gb,1,,
2026-08-21 07:52:33,1787298753435,www.staffordshirewoodfuels.co.uk/api/log-drain,POST,,200,h57tp-1787298753435-be65aba00a7c,VercelDrain/1.0 (+https://vercel.com/docs/drains),,production,main,MISS,middleware,/_middleware,www.staffordshirewoodfuels.co.uk,staffordshire-6diohmfiq-mailfoundry.vercel.app,dpl_BqZmMgBcQPGTJuXAod98WZ9BGGXX,5,iad1,342,2048,,prj_8iQOrGzJ1eJ6OttmZ8LMj00sqIqX,,,01M0HMXAX4S59K20Y76NGAFY9J,jYwSUfQKo6zE,1,,
2026-08-21 07:52:33,1787298753435,www.staffordshirewoodfuels.co.uk/api/log-drain,POST,,200,h57tp-1787298753435-be65aba00a7c,VercelDrain/1.0 (+https://vercel.com/docs/drains),,production,main,MISS,function,/api/log-drain,www.staffordshirewoodfuels.co.uk,staffordshire-6diohmfiq-mailfoundry.vercel.app,dpl_BqZmMgBcQPGTJuXAod98WZ9BGGXX,5,iad1,320,2048,,prj_8iQOrGzJ1eJ6OttmZ8LMj00sqIqX,,,01M0HMXAXKZXK7B27N6ZYV6J1Z,qohtDSwBu4Gb,1,,
2026-08-21 07:52:33,1787298753418,www.staffordshirewoodfuels.co.uk/api/log-drain,POST,,200,zwhzs-1787298753418-0fe49adcd12d,VercelDrain/1.0 (+https://vercel.com/docs/drains),,production,main,MISS,middleware,/_middleware,www.staffordshirewoodfuels.co.uk,staffordshire-6diohmfiq-mailfoundry.vercel.app,dpl_BqZmMgBcQPGTJuXAod98WZ9BGGXX,6,iad1,345,2048,,prj_8iQOrGzJ1eJ6OttmZ8LMj00sqIqX,,,01M0HMXAWG1FGG1DE6PZ8ZVQVR,7h5ZChTnMNPw,1,,
2026-08-21 07:52:33,1787298753418,www.staffordshirewoodfuels.co.uk/api/log-drain,POST,,200,zwhzs-1787298753418-0fe49adcd12d,VercelDrain/1.0 (+https://vercel.com/docs/drains),,production,main,MISS,function,/api/log-drain,www.staffordshirewoodfuels.co.uk,staffordshire-6diohmfiq-mailfoundry.vercel.app,dpl_BqZmMgBcQPGTJuXAod98WZ9BGGXX,6,iad1,320,2048,,prj_8iQOrGzJ1eJ6OttmZ8LMj00sqIqX,,,01M0HMXAX2Y7MX915DJF3ZKTMM,qohtDSwBu4Gb,1,,
2026-08-21 07:52:33,1787298753417,www.staffordshirewoodfuels.co.uk/api/log-drain,POST,,200,jzh8r-1787298753417-05fb5fcaeee9,VercelDrain/1.0 (+https://vercel.com/docs/drains),,production,main,MISS,function,/api/log-drain,www.staffordshirewoodfuels.co.uk,staffordshire-6diohmfiq-mailfoundry.vercel.app,dpl_BqZmMgBcQPGTJuXAod98WZ9BGGXX,5,iad1,320,2048,,prj_8iQOrGzJ1eJ6OttmZ8LMj00sqIqX,,,01M0HMXAYDSSMRXE0HNRQJM39Y,qohtDSwBu4Gb,1,,
2026-08-21 07:52:33,1787298753417,www.staffordshirewoodfuels.co.uk/api/log-drain,POST,,200,jzh8r-1787298753417-05fb5fcaeee9,VercelDrain/1.0 (+https://vercel.com/docs/drains),,production,main,MISS,middleware,/_middleware,www.staffordshirewoodfuels.co.uk,staffordshire-6diohmfiq-mailfoundry.vercel.app,dpl_BqZmMgBcQPGTJuXAod98WZ9BGGXX,18,lhr1,230,2048,,prj_8iQOrGzJ1eJ6OttmZ8LMj00sqIqX,,,01M0HMXAWFY0WN4FZT5TKBPXKC,TqFzbyVk8DIM,1,,
2026-08-21 07:52:33,1787298753413,www.staffordshirewoodfuels.co.uk/api/log-drain,POST,,200,758t2-1787298753413-60c4ae926d0c,VercelDrain/1.0 (+https://vercel.com/docs/drains),,production,main,MISS,middleware,/_middleware,www.staffordshirewoodfuels.co.uk,staffordshire-6diohmfiq-mailfoundry.vercel.app,dpl_BqZmMgBcQPGTJuXAod98WZ9BGGXX,6,iad1,342,2048,,prj_8iQOrGzJ1eJ6OttmZ8LMj00sqIqX,,,01M0HMXAWE8HWD1EVJT5C34ADH,jYwSUfQKo6zE,1,,
2026-08-21 07:52:33,1787298753413,www.staffordshirewoodfuels.co.uk/api/log-drain,POST,,200,758t2-1787298753413-60c4ae926d0c,VercelDrain/1.0 (+https://vercel.com/docs/drains),,production,main,MISS,function,/api/log-drain,www.staffordshirewoodfuels.co.uk,staffordshire-6diohmfiq-mailfoundry.vercel.app,dpl_BqZmMgBcQPGTJuXAod98WZ9BGGXX,7,iad1,371,2048,,prj_8iQOrGzJ1eJ6OttmZ8LMj00sqIqX,,,01M0HMXAX2MSGE9CJR9QS1VZS1,ixQP0En4HAtx,1,,
2026-08-21 07:52:33,1787298753409,www.staffordshirewoodfuels.co.uk/api/log-drain,POST,,200,thjbm-1787298753409-a259a175e2d9,VercelDrain/1.0 (+https://vercel.com/docs/drains),,production,main,MISS,middleware,/_middleware,www.staffordshirewoodfuels.co.uk,staffordshire-6diohmfiq-mailfoundry.vercel.app,dpl_BqZmMgBcQPGTJuXAod98WZ9BGGXX,5,iad1,339,2048,,prj_8iQOrGzJ1eJ6OttmZ8LMj00sqIqX,,,01M0HMXAW8RRMV2RTPWN0DGW6B,0wS2QYpHHVTK,1,,
2026-08-21 07:52:33,1787298753409,www.staffordshirewoodfuels.co.uk/api/log-drain,POST,,200,thjbm-1787298753409-a259a175e2d9,VercelDrain/1.0 (+https://vercel.com/docs/drains),,production,main,MISS,function,/api/log-drain,www.staffordshirewoodfuels.co.uk,staffordshire-6diohmfiq-mailfoundry.vercel.app,dpl_BqZmMgBcQPGTJuXAod98WZ9BGGXX,8,iad1,276,2048,,prj_8iQOrGzJ1eJ6OttmZ8LMj00sqIqX,,,01M0HMXAWYBVQ15F24YF0J5PVR,BdZ1jMk8e3yz,1,,
2026-08-21 07:52:33,1787298753403,www.staffordshirewoodfuels.co.uk/api/log-drain,POST,,200,ssp77-1787298753403-cea971e941df,VercelDrain/1.0 (+https://vercel.com/docs/drains),,production,main,MISS,middleware,/_middleware,www.staffordshirewoodfuels.co.uk,staffordshire-6diohmfiq-mailfoundry.vercel.app,dpl_BqZmMgBcQPGTJuXAod98WZ9BGGXX,6,iad1,342,2048,,prj_8iQOrGzJ1eJ6OttmZ8LMj00sqIqX,,,01M0HMXAW3BQHFJ21JAHW1VJ01,jYwSUfQKo6zE,1,,
2026-08-21 07:52:33,1787298753403,www.staffordshirewoodfuels.co.uk/api/log-drain,POST,,200,ssp77-1787298753403-cea971e941df,VercelDrain/1.0 (+https://vercel.com/docs/drains),,production,main,MISS,function,/api/log-drain,www.staffordshirewoodfuels.co.uk,staffordshire-6diohmfiq-mailfoundry.vercel.app,dpl_BqZmMgBcQPGTJuXAod98WZ9BGGXX,6,iad1,276,2048,,prj_8iQOrGzJ1eJ6OttmZ8LMj00sqIqX,,,01M0HMXAWK3DWGMXRDGWPN8MBT,BdZ1jMk8e3yz,1,,
2026-08-21 07:52:33,1787298753379,www.staffordshirewoodfuels.co.uk/api/log-drain,POST,,200,sj2h8-1787298753379-1114c73e8afd,VercelDrain/1.0 (+https://vercel.com/docs/drains),,production,main,MISS,middleware,/_middleware,www.staffordshirewoodfuels.co.uk,staffordshire-6diohmfiq-mailfoundry.vercel.app,dpl_BqZmMgBcQPGTJuXAod98WZ9BGGXX,6,iad1,342,2048,,prj_8iQOrGzJ1eJ6OttmZ8LMj00sqIqX,,,01M0HMXAVBC8F16H8HYKQFSQFK,jYwSUfQKo6zE,1,,
2026-08-21 07:52:33,1787298753379,www.staffordshirewoodfuels.co.uk/api/log-drain,POST,,200,sj2h8-1787298753379-1114c73e8afd,VercelDrain/1.0 (+https://vercel.com/docs/drains),,production,main,MISS,function,/api/log-drain,www.staffordshirewoodfuels.co.uk,staffordshire-6diohmfiq-mailfoundry.vercel.app,dpl_BqZmMgBcQPGTJuXAod98WZ9BGGXX,6,iad1,371,2048,,prj_8iQOrGzJ1eJ6OttmZ8LMj00sqIqX,,,01M0HMXAVV08D4WZPBWY8HG8JA,ixQP0En4HAtx,1,,
2026-08-21 07:52:33,1787298753358,www.staffordshirewoodfuels.co.uk/api/log-drain,POST,,200,rcvtd-1787298753358-6e5c6ca6c52f,VercelDrain/1.0 (+https://vercel.com/docs/drains),,production,main,MISS,function,/api/log-drain,www.staffordshirewoodfuels.co.uk,staffordshire-6diohmfiq-mailfoundry.vercel.app,dpl_BqZmMgBcQPGTJuXAod98WZ9BGGXX,5,iad1,371,2048,,prj_8iQOrGzJ1eJ6OttmZ8LMj00sqIqX,,,01M0HMXAWF7EKBZPKJKEJ5HEA8,ixQP0En4HAtx,1,,
2026-08-21 07:52:33,1787298753358,www.staffordshirewoodfuels.co.uk/api/log-drain,POST,,200,rcvtd-1787298753358-6e5c6ca6c52f,VercelDrain/1.0 (+https://vercel.com/docs/drains),,production,main,MISS,middleware,/_middleware,www.staffordshirewoodfuels.co.uk,staffordshire-6diohmfiq-mailfoundry.vercel.app,dpl_BqZmMgBcQPGTJuXAod98WZ9BGGXX,6,sfo1,218,2048,,prj_8iQOrGzJ1eJ6OttmZ8LMj00sqIqX,,,01M0HMXATT9HEQX3RNBFY0W43T,gG5RCH22z6p0,1,,
2026-08-21 07:52:33,1787298753358,www.staffordshirewoodfuels.co.uk/api/log-drain,POST,,200,2hswp-1787298753358-dd599034d301,VercelDrain/1.0 (+https://vercel.com/docs/drains),,production,main,MISS,function,/api/log-drain,www.staffordshirewoodfuels.co.uk,staffordshire-6diohmfiq-mailfoundry.vercel.app,dpl_BqZmMgBcQPGTJuXAod98WZ9BGGXX,5,iad1,370,2048,,prj_8iQOrGzJ1eJ6OttmZ8LMj00sqIqX,,,01M0HMXAXCY8V4CR5ZE6HH26P1,ZWTXaH3JLH5o,1,,
2026-08-21 07:52:33,1787298753358,www.staffordshirewoodfuels.co.uk/api/log-drain,POST,,200,2hswp-1787298753358-dd599034d301,VercelDrain/1.0 (+https://vercel.com/docs/drains),,production,main,MISS,middleware,/_middleware,www.staffordshirewoodfuels.co.uk,staffordshire-6diohmfiq-mailfoundry.vercel.app,dpl_BqZmMgBcQPGTJuXAod98WZ9BGGXX,6,fra1,210,2048,,prj_8iQOrGzJ1eJ6OttmZ8LMj00sqIqX,,,01M0HMXAVAF2Y8AAXTP5CPDEE1,9bwWuvo5xo6O,1,,
2026-08-21 07:52:33,1787298753322,www.staffordshirewoodfuels.co.uk/api/log-drain,POST,,200,fx4hz-1787298753322-f883e1dc9c15,VercelDrain/1.0 (+https://vercel.com/docs/drains),,production,main,MISS,function,/api/log-drain,www.staffordshirewoodfuels.co.uk,staffordshire-6diohmfiq-mailfoundry.vercel.app,dpl_BqZmMgBcQPGTJuXAod98WZ9BGGXX,5,iad1,371,2048,,prj_8iQOrGzJ1eJ6OttmZ8LMj00sqIqX,,,01M0HMXAT0H38GNBBAWEY9Q37W,ixQP0En4HAtx,1,,
2026-08-21 07:52:33,1787298753322,www.staffordshirewoodfuels.co.uk/api/log-drain,POST,,200,fx4hz-1787298753322-f883e1dc9c15,VercelDrain/1.0 (+https://vercel.com/docs/drains),,production,main,MISS,middleware,/_middleware,www.staffordshirewoodfuels.co.uk,staffordshire-6diohmfiq-mailfoundry.vercel.app,dpl_BqZmMgBcQPGTJuXAod98WZ9BGGXX,6,iad1,342,2048,,prj_8iQOrGzJ1eJ6OttmZ8LMj00sqIqX,,,01M0HMXASGFK6WTEGS71RFKGRG,jYwSUfQKo6zE,1,,
2026-08-21 07:52:33,1787298753308,www.staffordshirewoodfuels.co.uk/api/log-drain,POST,,200,sj2h8-1787298753308-850f508882c8,VercelDrain/1.0 (+https://vercel.com/docs/drains),,production,main,MISS,function,/api/log-drain,www.staffordshirewoodfuels.co.uk,staffordshire-6diohmfiq-mailfoundry.vercel.app,dpl_BqZmMgBcQPGTJuXAod98WZ9BGGXX,5,iad1,371,2048,,prj_8iQOrGzJ1eJ6OttmZ8LMj00sqIqX,,,01M0HMXASHFP26ZM8H506QKECR,ixQP0En4HAtx,1,,
2026-08-21 07:52:33,1787298753308,www.staffordshirewoodfuels.co.uk/api/log-drain,POST,,200,sj2h8-1787298753308-850f508882c8,VercelDrain/1.0 (+https://vercel.com/docs/drains),,production,main,MISS,middleware,/_middleware,www.staffordshirewoodfuels.co.uk,staffordshire-6diohmfiq-mailfoundry.vercel.app,dpl_BqZmMgBcQPGTJuXAod98WZ9BGGXX,6,iad1,342,2048,,prj_8iQOrGzJ1eJ6OttmZ8LMj00sqIqX,,,01M0HMXAS1Q43HME0CWVYDMZQZ,jYwSUfQKo6zE,1,,
2026-08-21 07:52:33,1787298753298,www.staffordshirewoodfuels.co.uk/api/log-drain,POST,,200,tzrrl-1787298753298-dbbfbf2f5692,VercelDrain/1.0 (+https://vercel.com/docs/drains),,production,main,MISS,function,/api/log-drain,www.staffordshirewoodfuels.co.uk,staffordshire-6diohmfiq-mailfoundry.vercel.app,dpl_BqZmMgBcQPGTJuXAod98WZ9BGGXX,6,iad1,276,2048,,prj_8iQOrGzJ1eJ6OttmZ8LMj00sqIqX,,,01M0HMXASDA6KXN9XVXN41WAZA,BdZ1jMk8e3yz,1,,
2026-08-21 07:52:33,1787298753298,www.staffordshirewoodfuels.co.uk/api/log-drain,POST,,200,tzrrl-1787298753298-dbbfbf2f5692,VercelDrain/1.0 (+https://vercel.com/docs/drains),,production,main,MISS,middleware,/_middleware,www.staffordshirewoodfuels.co.uk,staffordshire-6diohmfiq-mailfoundry.vercel.app,dpl_BqZmMgBcQPGTJuXAod98WZ9BGGXX,5,iad1,339,2048,,prj_8iQOrGzJ1eJ6OttmZ8LMj00sqIqX,,,01M0HMXARXEJJKAH2Q60NX99M6,0wS2QYpHHVTK,1,,
2026-08-21 07:52:33,1787298753295,www.staffordshirewoodfuels.co.uk/api/log-drain,POST,,200,nl967-1787298753295-b3c10f4b482b,VercelDrain/1.0 (+https://vercel.com/docs/drains),,production,main,MISS,function,/api/log-drain,www.staffordshirewoodfuels.co.uk,staffordshire-6diohmfiq-mailfoundry.vercel.app,dpl_BqZmMgBcQPGTJuXAod98WZ9BGGXX,5,iad1,320,2048,,prj_8iQOrGzJ1eJ6OttmZ8LMj00sqIqX,,,01M0HMXAS9RWD366ZPGBVN2241,qohtDSwBu4Gb,1,,
2026-08-21 07:52:33,1787298753295,www.staffordshirewoodfuels.co.uk/api/log-drain,POST,,200,nl967-1787298753295-b3c10f4b482b,VercelDrain/1.0 (+https://vercel.com/docs/drains),,production,main,MISS,middleware,/_middleware,www.staffordshirewoodfuels.co.uk,staffordshire-6diohmfiq-mailfoundry.vercel.app,dpl_BqZmMgBcQPGTJuXAod98WZ9BGGXX,6,iad1,345,2048,,prj_8iQOrGzJ1eJ6OttmZ8LMj00sqIqX,,,01M0HMXARRQYDRA192H5RKQAKV,7h5ZChTnMNPw,1,,
2026-08-21 07:52:33,1787298753272,www.staffordshirewoodfuels.co.uk/api/log-drain,POST,,200,9gs4m-1787298753272-081c303dc7f6,VercelDrain/1.0 (+https://vercel.com/docs/drains),,production,main,MISS,function,/api/log-drain,www.staffordshirewoodfuels.co.uk,staffordshire-6diohmfiq-mailfoundry.vercel.app,dpl_BqZmMgBcQPGTJuXAod98WZ9BGGXX,7,iad1,320,2048,,prj_8iQOrGzJ1eJ6OttmZ8LMj00sqIqX,,,01M0HMXARE6ENJK969CBSN232W,qohtDSwBu4Gb,1,,
2026-08-21 07:52:33,1787298753272,www.staffordshirewoodfuels.co.uk/api/log-drain,POST,,200,9gs4m-1787298753272-081c303dc7f6,VercelDrain/1.0 (+https://vercel.com/docs/drains),,production,main,MISS,middleware,/_middleware,www.staffordshirewoodfuels.co.uk,staffordshire-6diohmfiq-mailfoundry.vercel.app,dpl_BqZmMgBcQPGTJuXAod98WZ9BGGXX,6,iad1,345,2048,,prj_8iQOrGzJ1eJ6OttmZ8LMj00sqIqX,,,01M0HMXAQY1F0Y0Z8NKYMXM6WY,7h5ZChTnMNPw,1,,
2026-08-21 07:52:33,1787298753251,www.staffordshirewoodfuels.co.uk/api/log-drain,POST,,200,5p8d4-1787298753251-c3199d725535,VercelDrain/1.0 (+https://vercel.com/docs/drains),,production,main,MISS,middleware,/_middleware,www.staffordshirewoodfuels.co.uk,staffordshire-6diohmfiq-mailfoundry.vercel.app,dpl_BqZmMgBcQPGTJuXAod98WZ9BGGXX,5,iad1,339,2048,,prj_8iQOrGzJ1eJ6OttmZ8LMj00sqIqX,,,01M0HMXAQ7XV03P3TA1RFMZRHN,0wS2QYpHHVTK,1,,
2026-08-21 07:52:33,1787298753251,www.staffordshirewoodfuels.co.uk/api/log-drain,POST,,200,5p8d4-1787298753251-c3199d725535,VercelDrain/1.0 (+https://vercel.com/docs/drains),,production,main,MISS,function,/api/log-drain,www.staffordshirewoodfuels.co.uk,staffordshire-6diohmfiq-mailfoundry.vercel.app,dpl_BqZmMgBcQPGTJuXAod98WZ9BGGXX,7,iad1,371,2048,,prj_8iQOrGzJ1eJ6OttmZ8LMj00sqIqX,,,01M0HMXAQR5SX5HVA1W2568KK4,ixQP0En4HAtx,1,,
2026-08-21 07:52:33,1787298753246,www.staffordshirewoodfuels.co.uk/api/log-drain,POST,,200,gfw92-1787298753246-ae77df7608f1,VercelDrain/1.0 (+https://vercel.com/docs/drains),,production,main,MISS,middleware,/_middleware,www.staffordshirewoodfuels.co.uk,staffordshire-6diohmfiq-mailfoundry.vercel.app,dpl_BqZmMgBcQPGTJuXAod98WZ9BGGXX,6,iad1,345,2048,,prj_8iQOrGzJ1eJ6OttmZ8LMj00sqIqX,,,01M0HMXAQ8MEPV9SP2PE2F20MY,7h5ZChTnMNPw,1,,
2026-08-21 07:52:33,1787298753246,www.staffordshirewoodfuels.co.uk/api/log-drain,POST,,200,gfw92-1787298753246-ae77df7608f1,VercelDrain/1.0 (+https://vercel.com/docs/drains),,production,main,MISS,function,/api/log-drain,www.staffordshirewoodfuels.co.uk,staffordshire-6diohmfiq-mailfoundry.vercel.app,dpl_BqZmMgBcQPGTJuXAod98WZ9BGGXX,7,iad1,320,2048,,prj_8iQOrGzJ1eJ6OttmZ8LMj00sqIqX,,,01M0HMXAQTGFT3Z4D7MPN680Q4,qohtDSwBu4Gb,1,,
2026-08-21 07:52:33,1787298753237,www.staffordshirewoodfuels.co.uk/api/log-drain,POST,,200,gfw92-1787298753237-0ea644169e65,VercelDrain/1.0 (+https://vercel.com/docs/drains),,production,main,MISS,middleware,/_middleware,www.staffordshirewoodfuels.co.uk,staffordshire-6diohmfiq-mailfoundry.vercel.app,dpl_BqZmMgBcQPGTJuXAod98WZ9BGGXX,6,iad1,342,2048,,prj_8iQOrGzJ1eJ6OttmZ8LMj00sqIqX,,,01M0HMXAPYM7S5N85SCMDVHVXZ,jYwSUfQKo6zE,1,,
2026-08-21 07:52:33,1787298753237,www.staffordshirewoodfuels.co.uk/api/log-drain,POST,,200,gfw92-1787298753237-0ea644169e65,VercelDrain/1.0 (+https://vercel.com/docs/drains),,production,main,MISS,function,/api/log-drain,www.staffordshirewoodfuels.co.uk,staffordshire-6diohmfiq-mailfoundry.vercel.app,dpl_BqZmMgBcQPGTJuXAod98WZ9BGGXX,6,iad1,370,2048,,prj_8iQOrGzJ1eJ6OttmZ8LMj00sqIqX,,,01M0HMXAQG2NJK0V7R0MQ7GNCA,ZWTXaH3JLH5o,1,,
2026-08-21 07:52:33,1787298753218,www.staffordshirewoodfuels.co.uk/api/log-drain,POST,,200,s86fq-1787298753218-d76a030f5499,VercelDrain/1.0 (+https://vercel.com/docs/drains),,production,main,MISS,function,/api/log-drain,www.staffordshirewoodfuels.co.uk,staffordshire-6diohmfiq-mailfoundry.vercel.app,dpl_BqZmMgBcQPGTJuXAod98WZ9BGGXX,6,iad1,275,2048,,prj_8iQOrGzJ1eJ6OttmZ8LMj00sqIqX,,,01M0HMXAPP74G983CX942EDN16,BdZ1jMk8e3yz,1,,
2026-08-21 07:52:33,1787298753218,www.staffordshirewoodfuels.co.uk/api/log-drain,POST,,200,s86fq-1787298753218-d76a030f5499,VercelDrain/1.0 (+https://vercel.com/docs/drains),,production,main,MISS,middleware,/_middleware,www.staffordshirewoodfuels.co.uk,staffordshire-6diohmfiq-mailfoundry.vercel.app,dpl_BqZmMgBcQPGTJuXAod98WZ9BGGXX,6,iad1,339,2048,,prj_8iQOrGzJ1eJ6OttmZ8LMj00sqIqX,,,01M0HMXAP8V10MW3WJD59GVCHW,0wS2QYpHHVTK,1,,
2026-08-21 07:52:33,1787298753210,www.staffordshirewoodfuels.co.uk/api/log-drain,POST,,200,xm87w-1787298753210-c189095cea6d,VercelDrain/1.0 (+https://vercel.com/docs/drains),,production,main,MISS,middleware,/_middleware,www.staffordshirewoodfuels.co.uk,staffordshire-6diohmfiq-mailfoundry.vercel.app,dpl_BqZmMgBcQPGTJuXAod98WZ9BGGXX,6,iad1,339,2048,,prj_8iQOrGzJ1eJ6OttmZ8LMj00sqIqX,,,01M0HMXAPTF7KSZ15S2RFM9A29,0wS2QYpHHVTK,1,,
2026-08-21 07:52:33,1787298753210,www.staffordshirewoodfuels.co.uk/api/log-drain,POST,,200,xm87w-1787298753210-c189095cea6d,VercelDrain/1.0 (+https://vercel.com/docs/drains),,production,main,MISS,function,/api/log-drain,www.staffordshirewoodfuels.co.uk,staffordshire-6diohmfiq-mailfoundry.vercel.app,dpl_BqZmMgBcQPGTJuXAod98WZ9BGGXX,6,iad1,275,2048,,prj_8iQOrGzJ1eJ6OttmZ8LMj00sqIqX,,,01M0HMXAQHE6DKNEDEVK4V7N61,BdZ1jMk8e3yz,1,,
2026-08-21 07:52:33,1787298753183,www.staffordshirewoodfuels.co.uk/api/log-drain,POST,,200,2cb98-1787298753183-bd77f41f2a52,VercelDrain/1.0 (+https://vercel.com/docs/drains),,production,main,MISS,function,/api/log-drain,www.staffordshirewoodfuels.co.uk,staffordshire-6diohmfiq-mailfoundry.vercel.app,dpl_BqZmMgBcQPGTJuXAod98WZ9BGGXX,6,iad1,275,2048,,prj_8iQOrGzJ1eJ6OttmZ8LMj00sqIqX,,,01M0HMXANKRW2R333QVGKR3XGA,BdZ1jMk8e3yz,1,,
2026-08-21 07:52:33,1787298753183,www.staffordshirewoodfuels.co.uk/api/log-drain,POST,,200,2cb98-1787298753183-bd77f41f2a52,VercelDrain/1.0 (+https://vercel.com/docs/drains),,production,main,MISS,middleware,/_middleware,www.staffordshirewoodfuels.co.uk,staffordshire-6diohmfiq-mailfoundry.vercel.app,dpl_BqZmMgBcQPGTJuXAod98WZ9BGGXX,5,iad1,339,2048,,prj_8iQOrGzJ1eJ6OttmZ8LMj00sqIqX,,,01M0HMXAN5KPGA0G27F3FSDQW2,0wS2QYpHHVTK,1,,
2026-08-21 07:52:33,1787298753178,www.staffordshirewoodfuels.co.uk/api/log-drain,POST,,200,gmr7v-1787298753178-a1318217298d,VercelDrain/1.0 (+https://vercel.com/docs/drains),,production,main,MISS,function,/api/log-drain,www.staffordshirewoodfuels.co.uk,staffordshire-6diohmfiq-mailfoundry.vercel.app,dpl_BqZmMgBcQPGTJuXAod98WZ9BGGXX,5,iad1,370,2048,,prj_8iQOrGzJ1eJ6OttmZ8LMj00sqIqX,,,01M0HMXANE1Z40ZZWTE7GHATJP,ZWTXaH3JLH5o,1,,
2026-08-21 07:52:33,1787298753178,www.staffordshirewoodfuels.co.uk/api/log-drain,POST,,200,gmr7v-1787298753178-a1318217298d,VercelDrain/1.0 (+https://vercel.com/docs/drains),,production,main,MISS,middleware,/_middleware,www.staffordshirewoodfuels.co.uk,staffordshire-6diohmfiq-mailfoundry.vercel.app,dpl_BqZmMgBcQPGTJuXAod98WZ9BGGXX,6,iad1,342,2048,,prj_8iQOrGzJ1eJ6OttmZ8LMj00sqIqX,,,01M0HMXAMYB51P3HJWRP7T3HYY,jYwSUfQKo6zE,1,,
2026-08-21 07:52:33,1787298753165,www.staffordshirewoodfuels.co.uk/api/log-drain,POST,,200,f7gxz-1787298753165-89af29aaff22,VercelDrain/1.0 (+https://vercel.com/docs/drains),,production,main,MISS,function,/api/log-drain,www.staffordshirewoodfuels.co.uk,staffordshire-6diohmfiq-mailfoundry.vercel.app,dpl_BqZmMgBcQPGTJuXAod98WZ9BGGXX,5,iad1,275,2048,,prj_8iQOrGzJ1eJ6OttmZ8LMj00sqIqX,,,01M0HMXAN5QJZSE653MCXRQYYY,BdZ1jMk8e3yz,1,,
2026-08-21 07:52:33,1787298753165,www.staffordshirewoodfuels.co.uk/api/log-drain,POST,,200,f7gxz-1787298753165-89af29aaff22,VercelDrain/1.0 (+https://vercel.com/docs/drains),,production,main,MISS,middleware,/_middleware,www.staffordshirewoodfuels.co.uk,staffordshire-6diohmfiq-mailfoundry.vercel.app,dpl_BqZmMgBcQPGTJuXAod98WZ9BGGXX,5,iad1,339,2048,,prj_8iQOrGzJ1eJ6OttmZ8LMj00sqIqX,,,01M0HMXAMJSZQZDJXR706CF3W5,0wS2QYpHHVTK,1,,
2026-08-21 07:52:33,1787298753159,www.staffordshirewoodfuels.co.uk/api/log-drain,POST,,200,9x9tq-1787298753159-5fc3257ecb62,VercelDrain/1.0 (+https://vercel.com/docs/drains),,production,main,MISS,function,/api/log-drain,www.staffordshirewoodfuels.co.uk,staffordshire-6diohmfiq-mailfoundry.vercel.app,dpl_BqZmMgBcQPGTJuXAod98WZ9BGGXX,5,iad1,370,2048,,prj_8iQOrGzJ1eJ6OttmZ8LMj00sqIqX,,,01M0HMXAMYXZYAHACR4M58JW27,ZWTXaH3JLH5o,1,,
2026-08-21 07:52:33,1787298753159,www.staffordshirewoodfuels.co.uk/api/log-drain,POST,,200,9x9tq-1787298753159-5fc3257ecb62,VercelDrain/1.0 (+https://vercel.com/docs/drains),,production,main,MISS,middleware,/_middleware,www.staffordshirewoodfuels.co.uk,staffordshire-6diohmfiq-mailfoundry.vercel.app,dpl_BqZmMgBcQPGTJuXAod98WZ9BGGXX,6,iad1,342,2048,,prj_8iQOrGzJ1eJ6OttmZ8LMj00sqIqX,,,01M0HMXAMGR11FND77G4RZ6MWD,jYwSUfQKo6zE,1,,
2026-08-21 07:52:33,1787298753145,www.staffordshirewoodfuels.co.uk/api/log-drain,POST,,200,kv6d8-1787298753145-c01a545f5eb0,VercelDrain/1.0 (+https://vercel.com/docs/drains),,production,main,MISS,function,/api/log-drain,www.staffordshirewoodfuels.co.uk,staffordshire-6diohmfiq-mailfoundry.vercel.app,dpl_BqZmMgBcQPGTJuXAod98WZ9BGGXX,6,iad1,275,2048,,prj_8iQOrGzJ1eJ6OttmZ8LMj00sqIqX,,,01M0HMXAMJ0KB8RRJ0X490GA3V,BdZ1jMk8e3yz,1,,
2026-08-21 07:52:33,1787298753145,www.staffordshirewoodfuels.co.uk/api/log-drain,POST,,200,kv6d8-1787298753145-c01a545f5eb0,VercelDrain/1.0 (+https://vercel.com/docs/drains),,production,main,MISS,middleware,/_middleware,www.staffordshirewoodfuels.co.uk,staffordshire-6diohmfiq-mailfoundry.vercel.app,dpl_BqZmMgBcQPGTJuXAod98WZ9BGGXX,5,iad1,342,2048,,prj_8iQOrGzJ1eJ6OttmZ8LMj00sqIqX,,,01M0HMXAM4GV6J9DN6RYTQDNHS,jYwSUfQKo6zE,1,,
2026-08-21 07:52:33,1787298753128,www.staffordshirewoodfuels.co.uk/api/log-drain,POST,,200,22bs9-1787298753128-f34dd75410a9,VercelDrain/1.0 (+https://vercel.com/docs/drains),,production,main,MISS,function,/api/log-drain,www.staffordshirewoodfuels.co.uk,staffordshire-6diohmfiq-mailfoundry.vercel.app,dpl_BqZmMgBcQPGTJuXAod98WZ9BGGXX,6,iad1,274,2048,,prj_8iQOrGzJ1eJ6OttmZ8LMj00sqIqX,,,01M0HMXAM2ZBWNMZZWX09D6RQK,BdZ1jMk8e3yz,1,,
2026-08-21 07:52:33,1787298753128,www.staffordshirewoodfuels.co.uk/api/log-drain,POST,,200,22bs9-1787298753128-f34dd75410a9,VercelDrain/1.0 (+https://vercel.com/docs/drains),,production,main,MISS,middleware,/_middleware,www.staffordshirewoodfuels.co.uk,staffordshire-6diohmfiq-mailfoundry.vercel.app,dpl_BqZmMgBcQPGTJuXAod98WZ9BGGXX,6,iad1,342,2048,,prj_8iQOrGzJ1eJ6OttmZ8LMj00sqIqX,,,01M0HMXAKFT37B49Q228K691JP,jYwSUfQKo6zE,1,,
2026-08-21 07:52:33,1787298753121,www.staffordshirewoodfuels.co.uk/api/log-drain,POST,,200,9l8dg-1787298753121-cc16d1d41f4b,VercelDrain/1.0 (+https://vercel.com/docs/drains),,production,main,MISS,function,/api/log-drain,www.staffordshirewoodfuels.co.uk,staffordshire-6diohmfiq-mailfoundry.vercel.app,dpl_BqZmMgBcQPGTJuXAod98WZ9BGGXX,7,iad1,370,2048,,prj_8iQOrGzJ1eJ6OttmZ8LMj00sqIqX,,,01M0HMXAKQ6BMY4R68T2A3P2TS,ZWTXaH3JLH5o,1,,
2026-08-21 07:52:33,1787298753121,www.staffordshirewoodfuels.co.uk/api/log-drain,POST,,200,9l8dg-1787298753121-cc16d1d41f4b,VercelDrain/1.0 (+https://vercel.com/docs/drains),,production,main,MISS,middleware,/_middleware,www.staffordshirewoodfuels.co.uk,staffordshire-6diohmfiq-mailfoundry.vercel.app,dpl_BqZmMgBcQPGTJuXAod98WZ9BGGXX,5,iad1,339,2048,,prj_8iQOrGzJ1eJ6OttmZ8LMj00sqIqX,,,01M0HMXAK8MDARNFNZ9MSZ17W5,0wS2QYpHHVTK,1,,
2026-08-21 07:52:33,1787298753112,www.staffordshirewoodfuels.co.uk/api/log-drain,POST,,200,kf82n-1787298753112-21115a9d92d7,VercelDrain/1.0 (+https://vercel.com/docs/drains),,production,main,MISS,function,/api/log-drain,www.staffordshirewoodfuels.co.uk,staffordshire-6diohmfiq-mailfoundry.vercel.app,dpl_BqZmMgBcQPGTJuXAod98WZ9BGGXX,17,iad1,371,2048,,prj_8iQOrGzJ1eJ6OttmZ8LMj00sqIqX,,,01M0HMXAKD276ZHWSY67AZWHAK,ixQP0En4HAtx,1,,
2026-08-21 07:52:33,1787298753112,www.staffordshirewoodfuels.co.uk/api/log-drain,POST,,200,kf82n-1787298753112-21115a9d92d7,VercelDrain/1.0 (+https://vercel.com/docs/drains),,production,main,MISS,middleware,/_middleware,www.staffordshirewoodfuels.co.uk,staffordshire-6diohmfiq-mailfoundry.vercel.app,dpl_BqZmMgBcQPGTJuXAod98WZ9BGGXX,6,iad1,342,2048,,prj_8iQOrGzJ1eJ6OttmZ8LMj00sqIqX,,,01M0HMXAJZMX6JQFMFB5VXKMQX,jYwSUfQKo6zE,1,,
2026-08-21 07:52:33,1787298753093,www.staffordshirewoodfuels.co.uk/api/log-drain,POST,,200,6f6k7-1787298753093-753422650066,VercelDrain/1.0 (+https://vercel.com/docs/drains),,production,main,MISS,function,/api/log-drain,www.staffordshirewoodfuels.co.uk,staffordshire-6diohmfiq-mailfoundry.vercel.app,dpl_BqZmMgBcQPGTJuXAod98WZ9BGGXX,6,iad1,371,2048,,prj_8iQOrGzJ1eJ6OttmZ8LMj00sqIqX,,,01M0HMXAJTTAGPW8VY6PSZ5X3B,ixQP0En4HAtx,1,,
2026-08-21 07:52:33,1787298753093,www.staffordshirewoodfuels.co.uk/api/log-drain,POST,,200,6f6k7-1787298753093-753422650066,VercelDrain/1.0 (+https://vercel.com/docs/drains),,production,main,MISS,middleware,/_middleware,www.staffordshirewoodfuels.co.uk,staffordshire-6diohmfiq-mailfoundry.vercel.app,dpl_BqZmMgBcQPGTJuXAod98WZ9BGGXX,5,iad1,342,2048,,prj_8iQOrGzJ1eJ6OttmZ8LMj00sqIqX,,,01M0HMXAJBS77GKK1VQKB2WXZ5,jYwSUfQKo6zE,1,,
2026-08-21 07:52:33,1787298753047,www.staffordshirewoodfuels.co.uk/api/log-drain,POST,,200,xb7rs-1787298753047-b93d150f81c1,VercelDrain/1.0 (+https://vercel.com/docs/drains),,production,main,MISS,function,/api/log-drain,www.staffordshirewoodfuels.co.uk,staffordshire-6diohmfiq-mailfoundry.vercel.app,dpl_BqZmMgBcQPGTJuXAod98WZ9BGGXX,5,iad1,370,2048,,prj_8iQOrGzJ1eJ6OttmZ8LMj00sqIqX,,,01M0HMXAHBGHBNNHKB524X1XG1,ZWTXaH3JLH5o,1,,
2026-08-21 07:52:33,1787298753047,www.staffordshirewoodfuels.co.uk/api/log-drain,POST,,200,xb7rs-1787298753047-b93d150f81c1,VercelDrain/1.0 (+https://vercel.com/docs/drains),,production,main,MISS,middleware,/_middleware,www.staffordshirewoodfuels.co.uk,staffordshire-6diohmfiq-mailfoundry.vercel.app,dpl_BqZmMgBcQPGTJuXAod98WZ9BGGXX,6,iad1,342,2048,,prj_8iQOrGzJ1eJ6OttmZ8LMj00sqIqX,,,01M0HMXAGX7XX49RKFFZAEG6B5,jYwSUfQKo6zE,1,,
2026-08-21 07:52:32,1787298752998,www.staffordshirewoodfuels.co.uk/api/log-drain,POST,,200,2prsq-1787298752998-aa02efa54bf3,VercelDrain/1.0 (+https://vercel.com/docs/drains),,production,main,MISS,function,/api/log-drain,www.staffordshirewoodfuels.co.uk,staffordshire-6diohmfiq-mailfoundry.vercel.app,dpl_BqZmMgBcQPGTJuXAod98WZ9BGGXX,7,iad1,370,2048,,prj_8iQOrGzJ1eJ6OttmZ8LMj00sqIqX,,,01M0HMXAFTT773VNJ2SZADB0AJ,ZWTXaH3JLH5o,1,,
2026-08-21 07:52:32,1787298752998,www.staffordshirewoodfuels.co.uk/api/log-drain,POST,,200,2prsq-1787298752998-aa02efa54bf3,VercelDrain/1.0 (+https://vercel.com/docs/drains),,production,main,MISS,middleware,/_middleware,www.staffordshirewoodfuels.co.uk,staffordshire-6diohmfiq-mailfoundry.vercel.app,dpl_BqZmMgBcQPGTJuXAod98WZ9BGGXX,6,iad1,342,2048,,prj_8iQOrGzJ1eJ6OttmZ8LMj00sqIqX,,,01M0HMXAFC726J2Q62D0F4870M,jYwSUfQKo6zE,1,,
2026-08-21 07:52:32,1787298752960,www.staffordshirewoodfuels.co.uk/api/log-drain,POST,,200,rjwr4-1787298752960-c3a9400e61d6,VercelDrain/1.0 (+https://vercel.com/docs/drains),,production,main,MISS,function,/api/log-drain,www.staffordshirewoodfuels.co.uk,staffordshire-6diohmfiq-mailfoundry.vercel.app,dpl_BqZmMgBcQPGTJuXAod98WZ9BGGXX,6,iad1,370,2048,,prj_8iQOrGzJ1eJ6OttmZ8LMj00sqIqX,,,01M0HMXAEN2RFRC4ASWMBNCQR8,ZWTXaH3JLH5o,1,,
2026-08-21 07:52:32,1787298752960,www.staffordshirewoodfuels.co.uk/api/log-drain,POST,,200,rjwr4-1787298752960-c3a9400e61d6,VercelDrain/1.0 (+https://vercel.com/docs/drains),,production,main,MISS,middleware,/_middleware,www.staffordshirewoodfuels.co.uk,staffordshire-6diohmfiq-mailfoundry.vercel.app,dpl_BqZmMgBcQPGTJuXAod98WZ9BGGXX,6,iad1,342,2048,,prj_8iQOrGzJ1eJ6OttmZ8LMj00sqIqX,,,01M0HMXAE7HKF74R6W7E88NQ47,jYwSUfQKo6zE,1,,
2026-08-21 07:52:32,1787298752940,www.staffordshirewoodfuels.co.uk/api/log-drain,POST,,200,kh42z-1787298752940-dc409601c4e8,VercelDrain/1.0 (+https://vercel.com/docs/drains),,production,main,MISS,function,/api/log-drain,www.staffordshirewoodfuels.co.uk,staffordshire-6diohmfiq-mailfoundry.vercel.app,dpl_BqZmMgBcQPGTJuXAod98WZ9BGGXX,5,iad1,275,2048,,prj_8iQOrGzJ1eJ6OttmZ8LMj00sqIqX,,,01M0HMXAQW6SQMPP627HF6953V,BdZ1jMk8e3yz,1,,
2026-08-21 07:52:32,1787298752940,www.staffordshirewoodfuels.co.uk/api/log-drain,POST,,200,kh42z-1787298752940-dc409601c4e8,VercelDrain/1.0 (+https://vercel.com/docs/drains),,production,main,MISS,middleware,/_middleware,www.staffordshirewoodfuels.co.uk,staffordshire-6diohmfiq-mailfoundry.vercel.app,dpl_BqZmMgBcQPGTJuXAod98WZ9BGGXX,6,syd1,212,2048,,prj_8iQOrGzJ1eJ6OttmZ8LMj00sqIqX,,,01M0HMXADQPZ23B5H8CF93B51J,mUcQiA2FbPbG,1,,
2026-08-21 07:52:32,1787298752928,www.staffordshirewoodfuels.co.uk/api/log-drain,POST,,200,wf59r-1787298752928-914a500de60b,VercelDrain/1.0 (+https://vercel.com/docs/drains),,production,main,MISS,function,/api/log-drain,www.staffordshirewoodfuels.co.uk,staffordshire-6diohmfiq-mailfoundry.vercel.app,dpl_BqZmMgBcQPGTJuXAod98WZ9BGGXX,7,iad1,370,2048,,prj_8iQOrGzJ1eJ6OttmZ8LMj00sqIqX,,,01M0HMXADJX9WNYAZ6T2AP2HTP,ZWTXaH3JLH5o,1,,
2026-08-21 07:52:32,1787298752928,www.staffordshirewoodfuels.co.uk/api/log-drain,POST,,200,wf59r-1787298752928-914a500de60b,VercelDrain/1.0 (+https://vercel.com/docs/drains),,production,main,MISS,middleware,/_middleware,www.staffordshirewoodfuels.co.uk,staffordshire-6diohmfiq-mailfoundry.vercel.app,dpl_BqZmMgBcQPGTJuXAod98WZ9BGGXX,6,iad1,342,2048,,prj_8iQOrGzJ1eJ6OttmZ8LMj00sqIqX,,,01M0HMXAD2XWHM2Y6KQZX5GBTT,jYwSUfQKo6zE,1,,
2026-08-21 07:52:32,1787298752921,www.staffordshirewoodfuels.co.uk/api/log-drain,POST,,200,bsxtl-1787298752921-1c643047b811,VercelDrain/1.0 (+https://vercel.com/docs/drains),,production,main,MISS,middleware,/_middleware,www.staffordshirewoodfuels.co.uk,staffordshire-6diohmfiq-mailfoundry.vercel.app,dpl_BqZmMgBcQPGTJuXAod98WZ9BGGXX,7,arn1,212,2048,,prj_8iQOrGzJ1eJ6OttmZ8LMj00sqIqX,,,01M0HMXACY5HW8DBKPG0HTFSHY,b4aV1Blb444F,1,,
2026-08-21 07:52:32,1787298752921,www.staffordshirewoodfuels.co.uk/api/log-drain,POST,,200,bsxtl-1787298752921-1c643047b811,VercelDrain/1.0 (+https://vercel.com/docs/drains),,production,main,MISS,function,/api/log-drain,www.staffordshirewoodfuels.co.uk,staffordshire-6diohmfiq-mailfoundry.vercel.app,dpl_BqZmMgBcQPGTJuXAod98WZ9BGGXX,6,iad1,370,2048,,prj_8iQOrGzJ1eJ6OttmZ8LMj00sqIqX,,,01M0HMXAJP297VE6A9EBFQCW1R,ZWTXaH3JLH5o,1,,
2026-08-21 07:52:32,1787298752914,www.staffordshirewoodfuels.co.uk/api/log-drain,POST,,200,rczlm-1787298752914-1ce2487481e9,VercelDrain/1.0 (+https://vercel.com/docs/drains),,production,main,MISS,middleware,/_middleware,www.staffordshirewoodfuels.co.uk,staffordshire-6diohmfiq-mailfoundry.vercel.app,dpl_BqZmMgBcQPGTJuXAod98WZ9BGGXX,5,iad1,339,2048,,prj_8iQOrGzJ1eJ6OttmZ8LMj00sqIqX,,,01M0HMXACRZDPXF90A5PKPCJRQ,0wS2QYpHHVTK,1,,
2026-08-21 07:52:32,1787298752914,www.staffordshirewoodfuels.co.uk/api/log-drain,POST,,200,rczlm-1787298752914-1ce2487481e9,VercelDrain/1.0 (+https://vercel.com/docs/drains),,production,main,MISS,function,/api/log-drain,www.staffordshirewoodfuels.co.uk,staffordshire-6diohmfiq-mailfoundry.vercel.app,dpl_BqZmMgBcQPGTJuXAod98WZ9BGGXX,5,iad1,274,2048,,prj_8iQOrGzJ1eJ6OttmZ8LMj00sqIqX,,,01M0HMXAD89DVV4WCVA8E077GR,BdZ1jMk8e3yz,1,,
2026-08-21 07:52:32,1787298752904,www.staffordshirewoodfuels.co.uk/api/log-drain,POST,,200,vc6nb-1787298752904-122b8fbad06d,VercelDrain/1.0 (+https://vercel.com/docs/drains),,production,main,MISS,middleware,/_middleware,www.staffordshirewoodfuels.co.uk,staffordshire-6diohmfiq-mailfoundry.vercel.app,dpl_BqZmMgBcQPGTJuXAod98WZ9BGGXX,6,iad1,342,2048,,prj_8iQOrGzJ1eJ6OttmZ8LMj00sqIqX,,,01M0HMXACJVDW9Q6W44W29NN44,jYwSUfQKo6zE,1,,
2026-08-21 07:52:32,1787298752904,www.staffordshirewoodfuels.co.uk/api/log-drain,POST,,200,vc6nb-1787298752904-122b8fbad06d,VercelDrain/1.0 (+https://vercel.com/docs/drains),,production,main,MISS,function,/api/log-drain,www.staffordshirewoodfuels.co.uk,staffordshire-6diohmfiq-mailfoundry.vercel.app,dpl_BqZmMgBcQPGTJuXAod98WZ9BGGXX,6,iad1,370,2048,,prj_8iQOrGzJ1eJ6OttmZ8LMj00sqIqX,,,01M0HMXAD38NHSBVE2P98XTJ54,ZWTXaH3JLH5o,1,,
2026-08-21 07:52:32,1787298752901,www.staffordshirewoodfuels.co.uk/api/log-drain,POST,,200,xz9l9-1787298752901-7e40c7f7fbe4,VercelDrain/1.0 (+https://vercel.com/docs/drains),,production,main,MISS,middleware,/_middleware,www.staffordshirewoodfuels.co.uk,staffordshire-6diohmfiq-mailfoundry.vercel.app,dpl_BqZmMgBcQPGTJuXAod98WZ9BGGXX,6,iad1,345,2048,,prj_8iQOrGzJ1eJ6OttmZ8LMj00sqIqX,,,01M0HMXACC2WC2S7CNRAH4WM82,7h5ZChTnMNPw,1,,
2026-08-21 07:52:32,1787298752901,www.staffordshirewoodfuels.co.uk/api/log-drain,POST,,200,xz9l9-1787298752901-7e40c7f7fbe4,VercelDrain/1.0 (+https://vercel.com/docs/drains),,production,main,MISS,function,/api/log-drain,www.staffordshirewoodfuels.co.uk,staffordshire-6diohmfiq-mailfoundry.vercel.app,dpl_BqZmMgBcQPGTJuXAod98WZ9BGGXX,6,iad1,274,2048,,prj_8iQOrGzJ1eJ6OttmZ8LMj00sqIqX,,,01M0HMXACYK782498W0K9S815J,BdZ1jMk8e3yz,1,,
2026-08-21 07:52:32,1787298752893,www.staffordshirewoodfuels.co.uk/api/log-drain,POST,,200,7mp2b-1787298752893-6218e2de6163,VercelDrain/1.0 (+https://vercel.com/docs/drains),,production,main,MISS,middleware,/_middleware,www.staffordshirewoodfuels.co.uk,staffordshire-6diohmfiq-mailfoundry.vercel.app,dpl_BqZmMgBcQPGTJuXAod98WZ9BGGXX,5,iad1,339,2048,,prj_8iQOrGzJ1eJ6OttmZ8LMj00sqIqX,,,01M0HMXAC6D3SC8V68MEZ8DCAZ,0wS2QYpHHVTK,1,,
2026-08-21 07:52:32,1787298752893,www.staffordshirewoodfuels.co.uk/api/log-drain,POST,,200,7mp2b-1787298752893-6218e2de6163,VercelDrain/1.0 (+https://vercel.com/docs/drains),,production,main,MISS,function,/api/log-drain,www.staffordshirewoodfuels.co.uk,staffordshire-6diohmfiq-mailfoundry.vercel.app,dpl_BqZmMgBcQPGTJuXAod98WZ9BGGXX,5,iad1,371,2048,,prj_8iQOrGzJ1eJ6OttmZ8LMj00sqIqX,,,01M0HMXACT0ZWES3H0G8D3WVJ6,ixQP0En4HAtx,1,,
2026-08-21 07:52:32,1787298752885,www.staffordshirewoodfuels.co.uk/api/log-drain,POST,,200,bdbmc-1787298752885-cce4eb418ea8,VercelDrain/1.0 (+https://vercel.com/docs/drains),,production,main,MISS,middleware,/_middleware,www.staffordshirewoodfuels.co.uk,staffordshire-6diohmfiq-mailfoundry.vercel.app,dpl_BqZmMgBcQPGTJuXAod98WZ9BGGXX,6,iad1,345,2048,,prj_8iQOrGzJ1eJ6OttmZ8LMj00sqIqX,,,01M0HMXABXBFKN4S8D3MGNTKBZ,7h5ZChTnMNPw,1,,
2026-08-21 07:52:32,1787298752885,www.staffordshirewoodfuels.co.uk/api/log-drain,POST,,200,bdbmc-1787298752885-cce4eb418ea8,VercelDrain/1.0 (+https://vercel.com/docs/drains),,production,main,MISS,function,/api/log-drain,www.staffordshirewoodfuels.co.uk,staffordshire-6diohmfiq-mailfoundry.vercel.app,dpl_BqZmMgBcQPGTJuXAod98WZ9BGGXX,6,iad1,370,2048,,prj_8iQOrGzJ1eJ6OttmZ8LMj00sqIqX,,,01M0HMXACG17DGY74RXXQAQESB,ZWTXaH3JLH5o,1,,
2026-08-21 07:52:32,1787298752882,www.staffordshirewoodfuels.co.uk/api/log-drain,POST,,200,5rxbb-1787298752882-13c231940114,VercelDrain/1.0 (+https://vercel.com/docs/drains),,production,main,MISS,function,/api/log-drain,www.staffordshirewoodfuels.co.uk,staffordshire-6diohmfiq-mailfoundry.vercel.app,dpl_BqZmMgBcQPGTJuXAod98WZ9BGGXX,6,iad1,371,2048,,prj_8iQOrGzJ1eJ6OttmZ8LMj00sqIqX,,,01M0HMXADDTW5FST4QBY4S03H5,ixQP0En4HAtx,1,,
2026-08-21 07:52:32,1787298752882,www.staffordshirewoodfuels.co.uk/api/log-drain,POST,,200,5rxbb-1787298752882-13c231940114,VercelDrain/1.0 (+https://vercel.com/docs/drains),,production,main,MISS,middleware,/_middleware,www.staffordshirewoodfuels.co.uk,staffordshire-6diohmfiq-mailfoundry.vercel.app,dpl_BqZmMgBcQPGTJuXAod98WZ9BGGXX,5,lhr1,230,2048,,prj_8iQOrGzJ1eJ6OttmZ8LMj00sqIqX,,,01M0HMXABRVAXND32XHXKQ65DD,TqFzbyVk8DIM,1,,
2026-08-21 07:52:32,1787298752865,www.staffordshirewoodfuels.co.uk/api/log-drain,POST,,200,8wnnz-1787298752865-042cf7238655,VercelDrain/1.0 (+https://vercel.com/docs/drains),,production,main,MISS,middleware,/_middleware,www.staffordshirewoodfuels.co.uk,staffordshire-6diohmfiq-mailfoundry.vercel.app,dpl_BqZmMgBcQPGTJuXAod98WZ9BGGXX,6,iad1,345,2048,,prj_8iQOrGzJ1eJ6OttmZ8LMj00sqIqX,,,01M0HMXAB8ZB5PMMJWT8JFNJSM,7h5ZChTnMNPw,1,,
2026-08-21 07:52:32,1787298752865,www.staffordshirewoodfuels.co.uk/api/log-drain,POST,,200,8wnnz-1787298752865-042cf7238655,VercelDrain/1.0 (+https://vercel.com/docs/drains),,production,main,MISS,function,/api/log-drain,www.staffordshirewoodfuels.co.uk,staffordshire-6diohmfiq-mailfoundry.vercel.app,dpl_BqZmMgBcQPGTJuXAod98WZ9BGGXX,5,iad1,370,2048,,prj_8iQOrGzJ1eJ6OttmZ8LMj00sqIqX,,,01M0HMXABSHSP43RZJVZEZNR00,ZWTXaH3JLH5o,1,,
2026-08-21 07:52:32,1787298752850,www.staffordshirewoodfuels.co.uk/api/log-drain,POST,,200,pl4zs-1787298752850-83c922706888,VercelDrain/1.0 (+https://vercel.com/docs/drains),,production,main,MISS,middleware,/_middleware,www.staffordshirewoodfuels.co.uk,staffordshire-6diohmfiq-mailfoundry.vercel.app,dpl_BqZmMgBcQPGTJuXAod98WZ9BGGXX,5,iad1,345,2048,,prj_8iQOrGzJ1eJ6OttmZ8LMj00sqIqX,,,01M0HMXAAPJFY8ENGS83RSXWR4,7h5ZChTnMNPw,1,,
2026-08-21 07:52:32,1787298752850,www.staffordshirewoodfuels.co.uk/api/log-drain,POST,,200,pl4zs-1787298752850-83c922706888,VercelDrain/1.0 (+https://vercel.com/docs/drains),,production,main,MISS,function,/api/log-drain,www.staffordshirewoodfuels.co.uk,staffordshire-6diohmfiq-mailfoundry.vercel.app,dpl_BqZmMgBcQPGTJuXAod98WZ9BGGXX,5,iad1,371,2048,,prj_8iQOrGzJ1eJ6OttmZ8LMj00sqIqX,,,01M0HMXAB6DM7T2DB0SYEH6C70,ixQP0En4HAtx,1,,
2026-08-21 07:52:32,1787298752843,www.staffordshirewoodfuels.co.uk/api/log-drain,POST,,200,pgw6q-1787298752843-f441ca6a172f,VercelDrain/1.0 (+https://vercel.com/docs/drains),,production,main,MISS,middleware,/_middleware,www.staffordshirewoodfuels.co.uk,staffordshire-6diohmfiq-mailfoundry.vercel.app,dpl_BqZmMgBcQPGTJuXAod98WZ9BGGXX,5,iad1,339,2048,,prj_8iQOrGzJ1eJ6OttmZ8LMj00sqIqX,,,01M0HMXAANR4JSZNJ9NE8G7ZM4,0wS2QYpHHVTK,1,,
2026-08-21 07:52:32,1787298752843,www.staffordshirewoodfuels.co.uk/api/log-drain,POST,,200,pgw6q-1787298752843-f441ca6a172f,VercelDrain/1.0 (+https://vercel.com/docs/drains),,production,main,MISS,function,/api/log-drain,www.staffordshirewoodfuels.co.uk,staffordshire-6diohmfiq-mailfoundry.vercel.app,dpl_BqZmMgBcQPGTJuXAod98WZ9BGGXX,8,iad1,370,2048,,prj_8iQOrGzJ1eJ6OttmZ8LMj00sqIqX,,,01M0HMXAB678809W8FNSJQPGRJ,ZWTXaH3JLH5o,1,,
2026-08-21 07:52:32,1787298752813,www.staffordshirewoodfuels.co.uk/api/log-drain,POST,,200,dkhxx-1787298752813-faca14a57d31,VercelDrain/1.0 (+https://vercel.com/docs/drains),,production,main,MISS,function,/api/log-drain,www.staffordshirewoodfuels.co.uk,staffordshire-6diohmfiq-mailfoundry.vercel.app,dpl_BqZmMgBcQPGTJuXAod98WZ9BGGXX,5,iad1,371,2048,,prj_8iQOrGzJ1eJ6OttmZ8LMj00sqIqX,,,01M0HMXAA71S7AE3DWZHENFEDP,ixQP0En4HAtx,1,,
2026-08-21 07:52:32,1787298752813,www.staffordshirewoodfuels.co.uk/api/log-drain,POST,,200,dkhxx-1787298752813-faca14a57d31,VercelDrain/1.0 (+https://vercel.com/docs/drains),,production,main,MISS,middleware,/_middleware,www.staffordshirewoodfuels.co.uk,staffordshire-6diohmfiq-mailfoundry.vercel.app,dpl_BqZmMgBcQPGTJuXAod98WZ9BGGXX,5,iad1,339,2048,,prj_8iQOrGzJ1eJ6OttmZ8LMj00sqIqX,,,01M0HMXA9QKRVZ9BNR54H3JXR6,0wS2QYpHHVTK,1,,
2026-08-21 07:52:32,1787298752810,www.staffordshirewoodfuels.co.uk/api/log-drain,POST,,200,w27tk-1787298752810-56b4fbe7c10d,VercelDrain/1.0 (+https://vercel.com/docs/drains),,production,main,MISS,function,/api/log-drain,www.staffordshirewoodfuels.co.uk,staffordshire-6diohmfiq-mailfoundry.vercel.app,dpl_BqZmMgBcQPGTJuXAod98WZ9BGGXX,29,iad1,370,2048,,prj_8iQOrGzJ1eJ6OttmZ8LMj00sqIqX,,,01M0HMXA9W0NBB26RFCAX9FBR7,ZWTXaH3JLH5o,1,,
2026-08-21 07:52:32,1787298752810,www.staffordshirewoodfuels.co.uk/api/log-drain,POST,,200,w27tk-1787298752810-56b4fbe7c10d,VercelDrain/1.0 (+https://vercel.com/docs/drains),,production,main,MISS,middleware,/_middleware,www.staffordshirewoodfuels.co.uk,staffordshire-6diohmfiq-mailfoundry.vercel.app,dpl_BqZmMgBcQPGTJuXAod98WZ9BGGXX,5,iad1,345,2048,,prj_8iQOrGzJ1eJ6OttmZ8LMj00sqIqX,,,01M0HMXA9DRHQ74C7WXGW5RM20,7h5ZChTnMNPw,1,,
2026-08-21 07:52:32,1787298752792,www.staffordshirewoodfuels.co.uk/api/log-drain,POST,,200,x9w9j-1787298752792-29ac6309b71a,VercelDrain/1.0 (+https://vercel.com/docs/drains),,production,main,MISS,function,/api/log-drain,www.staffordshirewoodfuels.co.uk,staffordshire-6diohmfiq-mailfoundry.vercel.app,dpl_BqZmMgBcQPGTJuXAod98WZ9BGGXX,5,iad1,370,2048,,prj_8iQOrGzJ1eJ6OttmZ8LMj00sqIqX,,,01M0HMXA9GS91TFNCJ31M0VRMN,ZWTXaH3JLH5o,1,,
2026-08-21 07:52:32,1787298752792,www.staffordshirewoodfuels.co.uk/api/log-drain,POST,,200,x9w9j-1787298752792-29ac6309b71a,VercelDrain/1.0 (+https://vercel.com/docs/drains),,production,main,MISS,middleware,/_middleware,www.staffordshirewoodfuels.co.uk,staffordshire-6diohmfiq-mailfoundry.vercel.app,dpl_BqZmMgBcQPGTJuXAod98WZ9BGGXX,5,iad1,345,2048,,prj_8iQOrGzJ1eJ6OttmZ8LMj00sqIqX,,,01M0HMXA90E558BQJ9KT8CC3ZZ,7h5ZChTnMNPw,1,,
2026-08-21 07:52:32,1787298752786,www.staffordshirewoodfuels.co.uk/api/log-drain,POST,,200,bgkk2-1787298752786-206e6c189606,VercelDrain/1.0 (+https://vercel.com/docs/drains),,production,main,MISS,function,/api/log-drain,www.staffordshirewoodfuels.co.uk,staffordshire-6diohmfiq-mailfoundry.vercel.app,dpl_BqZmMgBcQPGTJuXAod98WZ9BGGXX,5,iad1,371,2048,,prj_8iQOrGzJ1eJ6OttmZ8LMj00sqIqX,,,01M0HMXA9ENRC3M3E76YEACVCT,ixQP0En4HAtx,1,,
2026-08-21 07:52:32,1787298752786,www.staffordshirewoodfuels.co.uk/api/log-drain,POST,,200,bgkk2-1787298752786-206e6c189606,VercelDrain/1.0 (+https://vercel.com/docs/drains),,production,main,MISS,middleware,/_middleware,www.staffordshirewoodfuels.co.uk,staffordshire-6diohmfiq-mailfoundry.vercel.app,dpl_BqZmMgBcQPGTJuXAod98WZ9BGGXX,5,iad1,339,2048,,prj_8iQOrGzJ1eJ6OttmZ8LMj00sqIqX,,,01M0HMXA8WARAPNATKYRKS471P,0wS2QYpHHVTK,1,,
2026-08-21 07:52:32,1787298752757,www.staffordshirewoodfuels.co.uk/api/log-drain,POST,,200,lsd4g-1787298752757-120461ab0f87,VercelDrain/1.0 (+https://vercel.com/docs/drains),,production,main,MISS,function,/api/log-drain,www.staffordshirewoodfuels.co.uk,staffordshire-6diohmfiq-mailfoundry.vercel.app,dpl_BqZmMgBcQPGTJuXAod98WZ9BGGXX,7,iad1,371,2048,,prj_8iQOrGzJ1eJ6OttmZ8LMj00sqIqX,,,01M0HMXA8E4YSB9PXB4HV9RY9E,ixQP0En4HAtx,1,,
2026-08-21 07:52:32,1787298752757,www.staffordshirewoodfuels.co.uk/api/log-drain,POST,,200,lsd4g-1787298752757-120461ab0f87,VercelDrain/1.0 (+https://vercel.com/docs/drains),,production,main,MISS,middleware,/_middleware,www.staffordshirewoodfuels.co.uk,staffordshire-6diohmfiq-mailfoundry.vercel.app,dpl_BqZmMgBcQPGTJuXAod98WZ9BGGXX,6,iad1,339,2048,,prj_8iQOrGzJ1eJ6OttmZ8LMj00sqIqX,,,01M0HMXA7W0GC71WNCQPBTREQQ,0wS2QYpHHVTK,1,,
2026-08-21 07:52:32,1787298752745,www.staffordshirewoodfuels.co.uk/api/log-drain,POST,,200,mwf9f-1787298752745-dd0c9a7c857c,VercelDrain/1.0 (+https://vercel.com/docs/drains),,production,main,MISS,function,/api/log-drain,www.staffordshirewoodfuels.co.uk,staffordshire-6diohmfiq-mailfoundry.vercel.app,dpl_BqZmMgBcQPGTJuXAod98WZ9BGGXX,9,iad1,370,2048,,prj_8iQOrGzJ1eJ6OttmZ8LMj00sqIqX,,,01M0HMXA81SKYCPQYFSTG24BRA,ZWTXaH3JLH5o,1,,
2026-08-21 07:52:32,1787298752745,www.staffordshirewoodfuels.co.uk/api/log-drain,POST,,200,mwf9f-1787298752745-dd0c9a7c857c,VercelDrain/1.0 (+https://vercel.com/docs/drains),,production,main,MISS,middleware,/_middleware,www.staffordshirewoodfuels.co.uk,staffordshire-6diohmfiq-mailfoundry.vercel.app,dpl_BqZmMgBcQPGTJuXAod98WZ9BGGXX,6,iad1,345,2048,,prj_8iQOrGzJ1eJ6OttmZ8LMj00sqIqX,,,01M0HMXA7H9SD95YNQBZVZEM3J,7h5ZChTnMNPw,1,,
2026-08-21 07:52:32,1787298752706,www.staffordshirewoodfuels.co.uk/api/log-drain,POST,,200,sljmc-1787298752706-0c0d4d51ccad,VercelDrain/1.0 (+https://vercel.com/docs/drains),,production,main,MISS,function,/api/log-drain,www.staffordshirewoodfuels.co.uk,staffordshire-6diohmfiq-mailfoundry.vercel.app,dpl_BqZmMgBcQPGTJuXAod98WZ9BGGXX,5,iad1,370,2048,,prj_8iQOrGzJ1eJ6OttmZ8LMj00sqIqX,,,01M0HMXA6RWB0H9ST9BY6RCZD3,ZWTXaH3JLH5o,1,,
2026-08-21 07:52:32,1787298752706,www.staffordshirewoodfuels.co.uk/api/log-drain,POST,,200,sljmc-1787298752706-0c0d4d51ccad,VercelDrain/1.0 (+https://vercel.com/docs/drains),,production,main,MISS,middleware,/_middleware,www.staffordshirewoodfuels.co.uk,staffordshire-6diohmfiq-mailfoundry.vercel.app,dpl_BqZmMgBcQPGTJuXAod98WZ9BGGXX,6,iad1,345,2048,,prj_8iQOrGzJ1eJ6OttmZ8LMj00sqIqX,,,01M0HMXA69VB3DKXWV2D63NPKA,7h5ZChTnMNPw,1,,
2026-08-21 07:52:32,1787298752617,www.staffordshirewoodfuels.co.uk/api/log-drain,POST,,200,47zsg-1787298752617-a160133a03bf,VercelDrain/1.0 (+https://vercel.com/docs/drains),,production,main,MISS,function,/api/log-drain,www.staffordshirewoodfuels.co.uk,staffordshire-6diohmfiq-mailfoundry.vercel.app,dpl_BqZmMgBcQPGTJuXAod98WZ9BGGXX,5,iad1,370,2048,,prj_8iQOrGzJ1eJ6OttmZ8LMj00sqIqX,,,01M0HMXA5240JYHFQMNFQJK3Y7,ZWTXaH3JLH5o,1,,
2026-08-21 07:52:32,1787298752617,www.staffordshirewoodfuels.co.uk/api/log-drain,POST,,200,47zsg-1787298752617-a160133a03bf,VercelDrain/1.0 (+https://vercel.com/docs/drains),,production,main,MISS,middleware,/_middleware,www.staffordshirewoodfuels.co.uk,staffordshire-6diohmfiq-mailfoundry.vercel.app,dpl_BqZmMgBcQPGTJuXAod98WZ9BGGXX,7,sfo1,218,2048,,prj_8iQOrGzJ1eJ6OttmZ8LMj00sqIqX,,,01M0HMXA3HQPFHXGP1RTC3C9P9,gG5RCH22z6p0,1,,
2026-08-21 07:52:32,1787298752595,www.staffordshirewoodfuels.co.uk/api/log-drain,POST,,200,jsvdg-1787298752595-d32b5e3c6878,VercelDrain/1.0 (+https://vercel.com/docs/drains),,production,main,MISS,function,/api/log-drain,www.staffordshirewoodfuels.co.uk,staffordshire-6diohmfiq-mailfoundry.vercel.app,dpl_BqZmMgBcQPGTJuXAod98WZ9BGGXX,5,iad1,370,2048,,prj_8iQOrGzJ1eJ6OttmZ8LMj00sqIqX,,,01M0HMXA398A94MT7454KZXK49,ZWTXaH3JLH5o,1,,
2026-08-21 07:52:32,1787298752595,www.staffordshirewoodfuels.co.uk/api/log-drain,POST,,200,jsvdg-1787298752595-d32b5e3c6878,VercelDrain/1.0 (+https://vercel.com/docs/drains),,production,main,MISS,middleware,/_middleware,www.staffordshirewoodfuels.co.uk,staffordshire-6diohmfiq-mailfoundry.vercel.app,dpl_BqZmMgBcQPGTJuXAod98WZ9BGGXX,5,iad1,345,2048,,prj_8iQOrGzJ1eJ6OttmZ8LMj00sqIqX,,,01M0HMXA2TAS7HC8TH4HHYVVSA,7h5ZChTnMNPw,1,,
2026-08-21 07:52:32,1787298752582,www.staffordshirewoodfuels.co.uk/api/log-drain,POST,,200,wv7vw-1787298752582-5d665051107e,VercelDrain/1.0 (+https://vercel.com/docs/drains),,production,main,MISS,middleware,/_middleware,www.staffordshirewoodfuels.co.uk,staffordshire-6diohmfiq-mailfoundry.vercel.app,dpl_BqZmMgBcQPGTJuXAod98WZ9BGGXX,5,iad1,345,2048,,prj_8iQOrGzJ1eJ6OttmZ8LMj00sqIqX,,,01M0HMXA2EHSZM8MA4ZSZ2AZ70,7h5ZChTnMNPw,1,,
2026-08-21 07:52:32,1787298752582,www.staffordshirewoodfuels.co.uk/api/log-drain,POST,,200,wv7vw-1787298752582-5d665051107e,VercelDrain/1.0 (+https://vercel.com/docs/drains),,production,main,MISS,function,/api/log-drain,www.staffordshirewoodfuels.co.uk,staffordshire-6diohmfiq-mailfoundry.vercel.app,dpl_BqZmMgBcQPGTJuXAod98WZ9BGGXX,6,iad1,371,2048,,prj_8iQOrGzJ1eJ6OttmZ8LMj00sqIqX,,,01M0HMXA36VNR18GE89EMGYTVH,ixQP0En4HAtx,1,,
2026-08-21 07:52:32,1787298752571,www.staffordshirewoodfuels.co.uk/api/log-drain,POST,,200,p2kk2-1787298752571-ad47d061d6bf,VercelDrain/1.0 (+https://vercel.com/docs/drains),,production,main,MISS,middleware,/_middleware,www.staffordshirewoodfuels.co.uk,staffordshire-6diohmfiq-mailfoundry.vercel.app,dpl_BqZmMgBcQPGTJuXAod98WZ9BGGXX,5,iad1,339,2048,,prj_8iQOrGzJ1eJ6OttmZ8LMj00sqIqX,,,01M0HMXA21BDWM1WC4CYE60ZBZ,0wS2QYpHHVTK,1,,
2026-08-21 07:52:32,1787298752571,www.staffordshirewoodfuels.co.uk/api/log-drain,POST,,200,p2kk2-1787298752571-ad47d061d6bf,VercelDrain/1.0 (+https://vercel.com/docs/drains),,production,main,MISS,function,/api/log-drain,www.staffordshirewoodfuels.co.uk,staffordshire-6diohmfiq-mailfoundry.vercel.app,dpl_BqZmMgBcQPGTJuXAod98WZ9BGGXX,5,iad1,370,2048,,prj_8iQOrGzJ1eJ6OttmZ8LMj00sqIqX,,,01M0HMXA2FQ5XR1TCTSYWBG94T,ZWTXaH3JLH5o,1,,
2026-08-21 07:52:32,1787298752567,www.staffordshirewoodfuels.co.uk/api/log-drain,POST,,200,cqljf-1787298752567-0a50a772333d,VercelDrain/1.0 (+https://vercel.com/docs/drains),,production,main,MISS,middleware,/_middleware,www.staffordshirewoodfuels.co.uk,staffordshire-6diohmfiq-mailfoundry.vercel.app,dpl_BqZmMgBcQPGTJuXAod98WZ9BGGXX,6,iad1,345,2048,,prj_8iQOrGzJ1eJ6OttmZ8LMj00sqIqX,,,01M0HMXA1YE6AKVWWK551EG6J3,7h5ZChTnMNPw,1,,
2026-08-21 07:52:32,1787298752567,www.staffordshirewoodfuels.co.uk/api/log-drain,POST,,200,cqljf-1787298752567-0a50a772333d,VercelDrain/1.0 (+https://vercel.com/docs/drains),,production,main,MISS,function,/api/log-drain,www.staffordshirewoodfuels.co.uk,staffordshire-6diohmfiq-mailfoundry.vercel.app,dpl_BqZmMgBcQPGTJuXAod98WZ9BGGXX,5,iad1,371,2048,,prj_8iQOrGzJ1eJ6OttmZ8LMj00sqIqX,,,01M0HMXA2GEFP3452FWWBCG1XD,ixQP0En4HAtx,1,,
2026-08-21 07:52:32,1787298752552,www.staffordshirewoodfuels.co.uk/api/log-drain,POST,,200,7tgdr-1787298752552-26f22a79d062,VercelDrain/1.0 (+https://vercel.com/docs/drains),,production,main,MISS,middleware,/_middleware,www.staffordshirewoodfuels.co.uk,staffordshire-6diohmfiq-mailfoundry.vercel.app,dpl_BqZmMgBcQPGTJuXAod98WZ9BGGXX,6,iad1,345,2048,,prj_8iQOrGzJ1eJ6OttmZ8LMj00sqIqX,,,01M0HMXA1G4W1ZBSHW5HN3RJ1D,7h5ZChTnMNPw,1,,
2026-08-21 07:52:32,1787298752552,www.staffordshirewoodfuels.co.uk/api/log-drain,POST,,200,7tgdr-1787298752552-26f22a79d062,VercelDrain/1.0 (+https://vercel.com/docs/drains),,production,main,MISS,function,/api/log-drain,www.staffordshirewoodfuels.co.uk,staffordshire-6diohmfiq-mailfoundry.vercel.app,dpl_BqZmMgBcQPGTJuXAod98WZ9BGGXX,5,iad1,371,2048,,prj_8iQOrGzJ1eJ6OttmZ8LMj00sqIqX,,,01M0HMXA1Y5CNNGEMC5K25WQNX,ixQP0En4HAtx,1,,
2026-08-21 07:52:32,1787298752551,www.staffordshirewoodfuels.co.uk/api/log-drain,POST,,200,2g4pc-1787298752551-a698896353d8,VercelDrain/1.0 (+https://vercel.com/docs/drains),,production,main,MISS,middleware,/_middleware,www.staffordshirewoodfuels.co.uk,staffordshire-6diohmfiq-mailfoundry.vercel.app,dpl_BqZmMgBcQPGTJuXAod98WZ9BGGXX,5,iad1,339,2048,,prj_8iQOrGzJ1eJ6OttmZ8LMj00sqIqX,,,01M0HMXA1DF3RM3QKD1M9N7K7R,0wS2QYpHHVTK,1,,
2026-08-21 07:52:32,1787298752551,www.staffordshirewoodfuels.co.uk/api/log-drain,POST,,200,2g4pc-1787298752551-a698896353d8,VercelDrain/1.0 (+https://vercel.com/docs/drains),,production,main,MISS,function,/api/log-drain,www.staffordshirewoodfuels.co.uk,staffordshire-6diohmfiq-mailfoundry.vercel.app,dpl_BqZmMgBcQPGTJuXAod98WZ9BGGXX,5,iad1,370,2048,,prj_8iQOrGzJ1eJ6OttmZ8LMj00sqIqX,,,01M0HMXA1ZSVV334PKS7757AY7,ZWTXaH3JLH5o,1,,
2026-08-21 07:52:32,1787298752548,www.staffordshirewoodfuels.co.uk/api/log-drain,POST,,200,9p8s7-1787298752548-1503e14b7f37,VercelDrain/1.0 (+https://vercel.com/docs/drains),,production,main,MISS,middleware,/_middleware,www.staffordshirewoodfuels.co.uk,staffordshire-6diohmfiq-mailfoundry.vercel.app,dpl_BqZmMgBcQPGTJuXAod98WZ9BGGXX,6,iad1,342,2048,,prj_8iQOrGzJ1eJ6OttmZ8LMj00sqIqX,,,01M0HMXA1DJ9MVTB52WAYZ9139,jYwSUfQKo6zE,1,,
2026-08-21 07:52:32,1787298752548,www.staffordshirewoodfuels.co.uk/api/log-drain,POST,,200,9p8s7-1787298752548-1503e14b7f37,VercelDrain/1.0 (+https://vercel.com/docs/drains),,production,main,MISS,function,/api/log-drain,www.staffordshirewoodfuels.co.uk,staffordshire-6diohmfiq-mailfoundry.vercel.app,dpl_BqZmMgBcQPGTJuXAod98WZ9BGGXX,5,iad1,320,2048,,prj_8iQOrGzJ1eJ6OttmZ8LMj00sqIqX,,,01M0HMXA1WMY6DW0SQMCJEWSAE,qohtDSwBu4Gb,1,,
2026-08-21 07:52:32,1787298752546,www.staffordshirewoodfuels.co.uk/api/log-drain,POST,,200,l86z5-1787298752546-8514a60b373d,VercelDrain/1.0 (+https://vercel.com/docs/drains),,production,main,MISS,middleware,/_middleware,www.staffordshirewoodfuels.co.uk,staffordshire-6diohmfiq-mailfoundry.vercel.app,dpl_BqZmMgBcQPGTJuXAod98WZ9BGGXX,6,iad1,352,2048,,prj_8iQOrGzJ1eJ6OttmZ8LMj00sqIqX,,,01M0HMXA163Z2RMV48PES583EG,fMOyNr94GBGB,1,,
2026-08-21 07:52:32,1787298752546,www.staffordshirewoodfuels.co.uk/api/log-drain,POST,,200,l86z5-1787298752546-8514a60b373d,VercelDrain/1.0 (+https://vercel.com/docs/drains),,production,main,MISS,function,/api/log-drain,www.staffordshirewoodfuels.co.uk,staffordshire-6diohmfiq-mailfoundry.vercel.app,dpl_BqZmMgBcQPGTJuXAod98WZ9BGGXX,6,iad1,274,2048,,prj_8iQOrGzJ1eJ6OttmZ8LMj00sqIqX,,,01M0HMXA1VFCXR1VA24WWJP9T9,BdZ1jMk8e3yz,1,,
2026-08-21 07:52:32,1787298752539,www.staffordshirewoodfuels.co.uk/api/log-drain,POST,,200,2j4hx-1787298752539-c5b9553df1bd,VercelDrain/1.0 (+https://vercel.com/docs/drains),,production,main,MISS,middleware,/_middleware,www.staffordshirewoodfuels.co.uk,staffordshire-6diohmfiq-mailfoundry.vercel.app,dpl_BqZmMgBcQPGTJuXAod98WZ9BGGXX,6,iad1,343,2048,,prj_8iQOrGzJ1eJ6OttmZ8LMj00sqIqX,,,01M0HMXA13ZSV54YXKHNMDNK0G,oVMK1fk96FRs,1,,
2026-08-21 07:52:32,1787298752539,www.staffordshirewoodfuels.co.uk/api/log-drain,POST,,200,2j4hx-1787298752539-c5b9553df1bd,VercelDrain/1.0 (+https://vercel.com/docs/drains),,production,main,MISS,function,/api/log-drain,www.staffordshirewoodfuels.co.uk,staffordshire-6diohmfiq-mailfoundry.vercel.app,dpl_BqZmMgBcQPGTJuXAod98WZ9BGGXX,5,iad1,302,2048,,prj_8iQOrGzJ1eJ6OttmZ8LMj00sqIqX,,,01M0HMXA1RPV5QR5NXZYTZVKP5,b0ntOOipQFsh,1,,
2026-08-21 07:52:32,1787298752518,www.staffordshirewoodfuels.co.uk/api/log-drain,POST,,200,2p5jn-1787298752518-13365da02955,VercelDrain/1.0 (+https://vercel.com/docs/drains),,production,main,MISS,function,/api/log-drain,www.staffordshirewoodfuels.co.uk,staffordshire-6diohmfiq-mailfoundry.vercel.app,dpl_BqZmMgBcQPGTJuXAod98WZ9BGGXX,6,iad1,302,2048,,prj_8iQOrGzJ1eJ6OttmZ8LMj00sqIqX,,,01M0HMXA0WKB0BQGB4S2B3CRPM,b0ntOOipQFsh,1,,
2026-08-21 07:52:32,1787298752518,www.staffordshirewoodfuels.co.uk/api/log-drain,POST,,200,2p5jn-1787298752518-13365da02955,VercelDrain/1.0 (+https://vercel.com/docs/drains),,production,main,MISS,middleware,/_middleware,www.staffordshirewoodfuels.co.uk,staffordshire-6diohmfiq-mailfoundry.vercel.app,dpl_BqZmMgBcQPGTJuXAod98WZ9BGGXX,6,iad1,343,2048,,prj_8iQOrGzJ1eJ6OttmZ8LMj00sqIqX,,,01M0HMXA0D4V659RNTV7FAG0TH,oVMK1fk96FRs,1,,
2026-08-21 07:52:32,1787298752473,www.staffordshirewoodfuels.co.uk/api/log-drain,POST,,200,kqcn2-1787298752473-a29187e9fc4f,VercelDrain/1.0 (+https://vercel.com/docs/drains),,production,main,MISS,function,/api/log-drain,www.staffordshirewoodfuels.co.uk,staffordshire-6diohmfiq-mailfoundry.vercel.app,dpl_BqZmMgBcQPGTJuXAod98WZ9BGGXX,5,iad1,302,2048,,prj_8iQOrGzJ1eJ6OttmZ8LMj00sqIqX,,,01M0HMXA0G27T16QZZSY91W5Y9,b0ntOOipQFsh,1,,
2026-08-21 07:52:32,1787298752473,www.staffordshirewoodfuels.co.uk/api/log-drain,POST,,200,kqcn2-1787298752473-a29187e9fc4f,VercelDrain/1.0 (+https://vercel.com/docs/drains),,production,main,MISS,middleware,/_middleware,www.staffordshirewoodfuels.co.uk,staffordshire-6diohmfiq-mailfoundry.vercel.app,dpl_BqZmMgBcQPGTJuXAod98WZ9BGGXX,5,iad1,343,2048,,prj_8iQOrGzJ1eJ6OttmZ8LMj00sqIqX,,,01M0HMX9ZVA85JGSRX4ST6JGZ8,oVMK1fk96FRs,1,,
2026-08-21 07:52:32,1787298752458,www.staffordshirewoodfuels.co.uk/api/log-drain,POST,,200,68ddm-1787298752458-04c2762696ed,VercelDrain/1.0 (+https://vercel.com/docs/drains),,production,main,MISS,function,/api/log-drain,www.staffordshirewoodfuels.co.uk,staffordshire-6diohmfiq-mailfoundry.vercel.app,dpl_BqZmMgBcQPGTJuXAod98WZ9BGGXX,6,iad1,302,2048,,prj_8iQOrGzJ1eJ6OttmZ8LMj00sqIqX,,,01M0HMX9Z1G6D2ZTAVEGB276N6,b0ntOOipQFsh,1,,
2026-08-21 07:52:32,1787298752458,www.staffordshirewoodfuels.co.uk/api/log-drain,POST,,200,68ddm-1787298752458-04c2762696ed,VercelDrain/1.0 (+https://vercel.com/docs/drains),,production,main,MISS,middleware,/_middleware,www.staffordshirewoodfuels.co.uk,staffordshire-6diohmfiq-mailfoundry.vercel.app,dpl_BqZmMgBcQPGTJuXAod98WZ9BGGXX,6,iad1,343,2048,,prj_8iQOrGzJ1eJ6OttmZ8LMj00sqIqX,,,01M0HMX9YKC2GTMNTHW5EQY21B,oVMK1fk96FRs,1,,
2026-08-21 07:52:32,1787298752451,www.staffordshirewoodfuels.co.uk/api/log-drain,POST,,200,rtwnk-1787298752451-68051d5491f4,VercelDrain/1.0 (+https://vercel.com/docs/drains),,production,main,MISS,function,/api/log-drain,www.staffordshirewoodfuels.co.uk,staffordshire-6diohmfiq-mailfoundry.vercel.app,dpl_BqZmMgBcQPGTJuXAod98WZ9BGGXX,6,iad1,274,2048,,prj_8iQOrGzJ1eJ6OttmZ8LMj00sqIqX,,,01M0HMX9Z0T1465KA9RYZJNS74,BdZ1jMk8e3yz,1,,
2026-08-21 07:52:32,1787298752451,www.staffordshirewoodfuels.co.uk/api/log-drain,POST,,200,rtwnk-1787298752451-68051d5491f4,VercelDrain/1.0 (+https://vercel.com/docs/drains),,production,main,MISS,middleware,/_middleware,www.staffordshirewoodfuels.co.uk,staffordshire-6diohmfiq-mailfoundry.vercel.app,dpl_BqZmMgBcQPGTJuXAod98WZ9BGGXX,6,iad1,352,2048,,prj_8iQOrGzJ1eJ6OttmZ8LMj00sqIqX,,,01M0HMX9YEJ3MW9A80PXQ6M7ZF,fMOyNr94GBGB,1,,
2026-08-21 07:52:32,1787298752402,www.staffordshirewoodfuels.co.uk/api/log-drain,POST,,200,x8z9t-1787298752402-75729418b8e0,VercelDrain/1.0 (+https://vercel.com/docs/drains),,production,main,MISS,function,/api/log-drain,www.staffordshirewoodfuels.co.uk,staffordshire-6diohmfiq-mailfoundry.vercel.app,dpl_BqZmMgBcQPGTJuXAod98WZ9BGGXX,6,iad1,274,2048,,prj_8iQOrGzJ1eJ6OttmZ8LMj00sqIqX,,,01M0HMX9YJ9TMHMA0X22758AQ4,BdZ1jMk8e3yz,1,,
2026-08-21 07:52:32,1787298752402,www.staffordshirewoodfuels.co.uk/api/log-drain,POST,,200,x8z9t-1787298752402-75729418b8e0,VercelDrain/1.0 (+https://vercel.com/docs/drains),,production,main,MISS,middleware,/_middleware,www.staffordshirewoodfuels.co.uk,staffordshire-6diohmfiq-mailfoundry.vercel.app,dpl_BqZmMgBcQPGTJuXAod98WZ9BGGXX,6,iad1,352,2048,,prj_8iQOrGzJ1eJ6OttmZ8LMj00sqIqX,,,01M0HMX9XK4RZ3QX42ZXGYTM73,fMOyNr94GBGB,1,,
2026-08-21 07:52:32,1787298752402,www.staffordshirewoodfuels.co.uk/api/log-drain,POST,,200,764z8-1787298752402-b4223790e941,VercelDrain/1.0 (+https://vercel.com/docs/drains),,production,main,MISS,function,/api/log-drain,www.staffordshirewoodfuels.co.uk,staffordshire-6diohmfiq-mailfoundry.vercel.app,dpl_BqZmMgBcQPGTJuXAod98WZ9BGGXX,6,iad1,302,2048,,prj_8iQOrGzJ1eJ6OttmZ8LMj00sqIqX,,,01M0HMX9YA63KC1ZSEMBEZ1G9X,b0ntOOipQFsh,1,,
2026-08-21 07:52:32,1787298752402,www.staffordshirewoodfuels.co.uk/api/log-drain,POST,,200,764z8-1787298752402-b4223790e941,VercelDrain/1.0 (+https://vercel.com/docs/drains),,production,main,MISS,middleware,/_middleware,www.staffordshirewoodfuels.co.uk,staffordshire-6diohmfiq-mailfoundry.vercel.app,dpl_BqZmMgBcQPGTJuXAod98WZ9BGGXX,6,sfo1,218,2048,,prj_8iQOrGzJ1eJ6OttmZ8LMj00sqIqX,,,01M0HMX9WTXYQGJY4DJ6TCBM8D,gG5RCH22z6p0,1,,
2026-08-21 07:52:32,1787298752383,www.staffordshirewoodfuels.co.uk/api/log-drain,POST,,200,lql9l-1787298752383-7863df626975,VercelDrain/1.0 (+https://vercel.com/docs/drains),,production,main,MISS,function,/api/log-drain,www.staffordshirewoodfuels.co.uk,staffordshire-6diohmfiq-mailfoundry.vercel.app,dpl_BqZmMgBcQPGTJuXAod98WZ9BGGXX,6,iad1,274,2048,,prj_8iQOrGzJ1eJ6OttmZ8LMj00sqIqX,,,01M0HMXA052FWT1CDSWZZVQ4JW,BdZ1jMk8e3yz,1,,
2026-08-21 07:52:32,1787298752383,www.staffordshirewoodfuels.co.uk/api/log-drain,POST,,200,lql9l-1787298752383-7863df626975,VercelDrain/1.0 (+https://vercel.com/docs/drains),,production,main,MISS,middleware,/_middleware,www.staffordshirewoodfuels.co.uk,staffordshire-6diohmfiq-mailfoundry.vercel.app,dpl_BqZmMgBcQPGTJuXAod98WZ9BGGXX,5,hkg1,213,2048,,prj_8iQOrGzJ1eJ6OttmZ8LMj00sqIqX,,,01M0HMX9WAYVQ6V1M7BV1DCHJH,BFiwgS7rVGbK,1,,
2026-08-21 07:52:32,1787298752377,www.staffordshirewoodfuels.co.uk/api/log-drain,POST,,200,4nvg5-1787298752377-d40b64291568,VercelDrain/1.0 (+https://vercel.com/docs/drains),,production,main,MISS,function,/api/log-drain,www.staffordshirewoodfuels.co.uk,staffordshire-6diohmfiq-mailfoundry.vercel.app,dpl_BqZmMgBcQPGTJuXAod98WZ9BGGXX,5,iad1,302,2048,,prj_8iQOrGzJ1eJ6OttmZ8LMj00sqIqX,,,01M0HMX9WEFKWM1WBHVPXD398Q,b0ntOOipQFsh,1,,
2026-08-21 07:52:32,1787298752377,www.staffordshirewoodfuels.co.uk/api/log-drain,POST,,200,4nvg5-1787298752377-d40b64291568,VercelDrain/1.0 (+https://vercel.com/docs/drains),,production,main,MISS,middleware,/_middleware,www.staffordshirewoodfuels.co.uk,staffordshire-6diohmfiq-mailfoundry.vercel.app,dpl_BqZmMgBcQPGTJuXAod98WZ9BGGXX,6,iad1,352,2048,,prj_8iQOrGzJ1eJ6OttmZ8LMj00sqIqX,,,01M0HMX9VZNS0JW35NHFWRZ30M,fMOyNr94GBGB,1,,
2026-08-21 07:52:32,1787298752366,www.staffordshirewoodfuels.co.uk/api/log-drain,POST,,200,s7wgq-1787298752366-d6e58cc60ba3,VercelDrain/1.0 (+https://vercel.com/docs/drains),,production,main,MISS,function,/api/log-drain,www.staffordshirewoodfuels.co.uk,staffordshire-6diohmfiq-mailfoundry.vercel.app,dpl_BqZmMgBcQPGTJuXAod98WZ9BGGXX,6,iad1,274,2048,,prj_8iQOrGzJ1eJ6OttmZ8LMj00sqIqX,,,01M0HMX9WD86ZANZ93J32A37B9,BdZ1jMk8e3yz,1,,
2026-08-21 07:52:32,1787298752366,www.staffordshirewoodfuels.co.uk/api/log-drain,POST,,200,s7wgq-1787298752366-d6e58cc60ba3,VercelDrain/1.0 (+https://vercel.com/docs/drains),,production,main,MISS,middleware,/_middleware,www.staffordshirewoodfuels.co.uk,staffordshire-6diohmfiq-mailfoundry.vercel.app,dpl_BqZmMgBcQPGTJuXAod98WZ9BGGXX,6,iad1,343,2048,,prj_8iQOrGzJ1eJ6OttmZ8LMj00sqIqX,,,01M0HMX9VV9M4FA6B8DPDV4PCY,oVMK1fk96FRs,1,,
2026-08-21 07:52:32,1787298752355,www.staffordshirewoodfuels.co.uk/api/log-drain,POST,,200,cqjtt-1787298752355-580423102f4b,VercelDrain/1.0 (+https://vercel.com/docs/drains),,production,main,MISS,function,/api/log-drain,www.staffordshirewoodfuels.co.uk,staffordshire-6diohmfiq-mailfoundry.vercel.app,dpl_BqZmMgBcQPGTJuXAod98WZ9BGGXX,5,iad1,302,2048,,prj_8iQOrGzJ1eJ6OttmZ8LMj00sqIqX,,,01M0HMX9VS09SW56Y3W9AS5ACA,b0ntOOipQFsh,1,,
2026-08-21 07:52:32,1787298752355,www.staffordshirewoodfuels.co.uk/api/log-drain,POST,,200,cqjtt-1787298752355-580423102f4b,VercelDrain/1.0 (+https://vercel.com/docs/drains),,production,main,MISS,middleware,/_middleware,www.staffordshirewoodfuels.co.uk,staffordshire-6diohmfiq-mailfoundry.vercel.app,dpl_BqZmMgBcQPGTJuXAod98WZ9BGGXX,5,iad1,343,2048,,prj_8iQOrGzJ1eJ6OttmZ8LMj00sqIqX,,,01M0HMX9V9Y0H706CT5H496Y7J,oVMK1fk96FRs,1,,
2026-08-21 07:52:32,1787298752349,www.staffordshirewoodfuels.co.uk/api/log-drain,POST,,200,kt26k-1787298752349-68c97051bb39,VercelDrain/1.0 (+https://vercel.com/docs/drains),,production,main,MISS,function,/api/log-drain,www.staffordshirewoodfuels.co.uk,staffordshire-6diohmfiq-mailfoundry.vercel.app,dpl_BqZmMgBcQPGTJuXAod98WZ9BGGXX,6,iad1,274,2048,,prj_8iQOrGzJ1eJ6OttmZ8LMj00sqIqX,,,01M0HMX9VQWSATAK5TD8V8PCDT,BdZ1jMk8e3yz,1,,
2026-08-21 07:52:32,1787298752349,www.staffordshirewoodfuels.co.uk/api/log-drain,POST,,200,kt26k-1787298752349-68c97051bb39,VercelDrain/1.0 (+https://vercel.com/docs/drains),,production,main,MISS,middleware,/_middleware,www.staffordshirewoodfuels.co.uk,staffordshire-6diohmfiq-mailfoundry.vercel.app,dpl_BqZmMgBcQPGTJuXAod98WZ9BGGXX,6,iad1,352,2048,,prj_8iQOrGzJ1eJ6OttmZ8LMj00sqIqX,,,01M0HMX9V5N2B8KZTP3313G0AK,fMOyNr94GBGB,1,,
2026-08-21 07:52:32,1787298752329,www.staffordshirewoodfuels.co.uk/api/log-drain,POST,,200,l86z5-1787298752329-870e1a6921d2,VercelDrain/1.0 (+https://vercel.com/docs/drains),,production,main,MISS,function,/api/log-drain,www.staffordshirewoodfuels.co.uk,staffordshire-6diohmfiq-mailfoundry.vercel.app,dpl_BqZmMgBcQPGTJuXAod98WZ9BGGXX,5,iad1,302,2048,,prj_8iQOrGzJ1eJ6OttmZ8LMj00sqIqX,,,01M0HMX9TXTFXQYSR6Q1Y49TWB,b0ntOOipQFsh,1,,
2026-08-21 07:52:32,1787298752329,www.staffordshirewoodfuels.co.uk/api/log-drain,POST,,200,l86z5-1787298752329-870e1a6921d2,VercelDrain/1.0 (+https://vercel.com/docs/drains),,production,main,MISS,middleware,/_middleware,www.staffordshirewoodfuels.co.uk,staffordshire-6diohmfiq-mailfoundry.vercel.app,dpl_BqZmMgBcQPGTJuXAod98WZ9BGGXX,6,iad1,352,2048,,prj_8iQOrGzJ1eJ6OttmZ8LMj00sqIqX,,,01M0HMX9TCH5BXAX82V228J6MA,fMOyNr94GBGB,1,,
2026-08-21 07:52:32,1787298752310,www.staffordshirewoodfuels.co.uk/api/log-drain,POST,,200,lsd4g-1787298752310-ad065aa5f085,VercelDrain/1.0 (+https://vercel.com/docs/drains),,production,main,MISS,function,/api/log-drain,www.staffordshirewoodfuels.co.uk,staffordshire-6diohmfiq-mailfoundry.vercel.app,dpl_BqZmMgBcQPGTJuXAod98WZ9BGGXX,6,iad1,273,2048,,prj_8iQOrGzJ1eJ6OttmZ8LMj00sqIqX,,,01M0HMX9TC1Z0CSFWSVE26QZ27,BdZ1jMk8e3yz,1,,
2026-08-21 07:52:32,1787298752310,www.staffordshirewoodfuels.co.uk/api/log-drain,POST,,200,lsd4g-1787298752310-ad065aa5f085,VercelDrain/1.0 (+https://vercel.com/docs/drains),,production,main,MISS,middleware,/_middleware,www.staffordshirewoodfuels.co.uk,staffordshire-6diohmfiq-mailfoundry.vercel.app,dpl_BqZmMgBcQPGTJuXAod98WZ9BGGXX,5,iad1,343,2048,,prj_8iQOrGzJ1eJ6OttmZ8LMj00sqIqX,,,01M0HMX9SY8AJPW6B66GM8MEXQ,oVMK1fk96FRs,1,,
2026-08-21 07:52:32,1787298752290,www.staffordshirewoodfuels.co.uk/api/log-drain,POST,,200,pjv28-1787298752290-48de04885ec6,VercelDrain/1.0 (+https://vercel.com/docs/drains),,production,main,MISS,function,/api/log-drain,www.staffordshirewoodfuels.co.uk,staffordshire-6diohmfiq-mailfoundry.vercel.app,dpl_BqZmMgBcQPGTJuXAod98WZ9BGGXX,5,iad1,302,2048,,prj_8iQOrGzJ1eJ6OttmZ8LMj00sqIqX,,,01M0HMX9THNQKDSD8E3B7YDCZ1,b0ntOOipQFsh,1,,
2026-08-21 07:52:32,1787298752290,www.staffordshirewoodfuels.co.uk/api/log-drain,POST,,200,pjv28-1787298752290-48de04885ec6,VercelDrain/1.0 (+https://vercel.com/docs/drains),,production,main,MISS,middleware,/_middleware,www.staffordshirewoodfuels.co.uk,staffordshire-6diohmfiq-mailfoundry.vercel.app,dpl_BqZmMgBcQPGTJuXAod98WZ9BGGXX,6,iad1,352,2048,,prj_8iQOrGzJ1eJ6OttmZ8LMj00sqIqX,,,01M0HMX9SYQFTEJSPBHMQPTE79,fMOyNr94GBGB,1,,
2026-08-21 07:52:32,1787298752282,www.staffordshirewoodfuels.co.uk/api/log-drain,POST,,200,bxlrg-1787298752282-d5e08de98b06,VercelDrain/1.0 (+https://vercel.com/docs/drains),,production,main,MISS,middleware,/_middleware,www.staffordshirewoodfuels.co.uk,staffordshire-6diohmfiq-mailfoundry.vercel.app,dpl_BqZmMgBcQPGTJuXAod98WZ9BGGXX,5,iad1,343,2048,,prj_8iQOrGzJ1eJ6OttmZ8LMj00sqIqX,,,01M0HMX9RZXQZ2RZ7GDYJB2H2F,oVMK1fk96FRs,1,,
2026-08-21 07:52:32,1787298752282,www.staffordshirewoodfuels.co.uk/api/log-drain,POST,,200,bxlrg-1787298752282-d5e08de98b06,VercelDrain/1.0 (+https://vercel.com/docs/drains),,production,main,MISS,function,/api/log-drain,www.staffordshirewoodfuels.co.uk,staffordshire-6diohmfiq-mailfoundry.vercel.app,dpl_BqZmMgBcQPGTJuXAod98WZ9BGGXX,6,iad1,273,2048,,prj_8iQOrGzJ1eJ6OttmZ8LMj00sqIqX,,,01M0HMX9SEXH5THGCDTRSHNJ7T,BdZ1jMk8e3yz,1,,
2026-08-21 07:52:32,1787298752248,www.staffordshirewoodfuels.co.uk/api/log-drain,POST,,200,wf8hl-1787298752248-7b8bc1982a12,VercelDrain/1.0 (+https://vercel.com/docs/drains),,production,main,MISS,middleware,/_middleware,www.staffordshirewoodfuels.co.uk,staffordshire-6diohmfiq-mailfoundry.vercel.app,dpl_BqZmMgBcQPGTJuXAod98WZ9BGGXX,6,iad1,343,2048,,prj_8iQOrGzJ1eJ6OttmZ8LMj00sqIqX,,,01M0HMX9R43C8RD796XYBM9KAE,oVMK1fk96FRs,1,,
2026-08-21 07:52:32,1787298752248,www.staffordshirewoodfuels.co.uk/api/log-drain,POST,,200,wf8hl-1787298752248-7b8bc1982a12,VercelDrain/1.0 (+https://vercel.com/docs/drains),,production,main,MISS,function,/api/log-drain,www.staffordshirewoodfuels.co.uk,staffordshire-6diohmfiq-mailfoundry.vercel.app,dpl_BqZmMgBcQPGTJuXAod98WZ9BGGXX,7,iad1,273,2048,,prj_8iQOrGzJ1eJ6OttmZ8LMj00sqIqX,,,01M0HMX9RMAKVZPVZWSDECNPAK,BdZ1jMk8e3yz,1,,
2026-08-21 07:52:32,1787298752208,www.staffordshirewoodfuels.co.uk/api/log-drain,POST,,200,np5mb-1787298752208-a0d8f9f36f4b,VercelDrain/1.0 (+https://vercel.com/docs/drains),,production,main,MISS,middleware,/_middleware,www.staffordshirewoodfuels.co.uk,staffordshire-6diohmfiq-mailfoundry.vercel.app,dpl_BqZmMgBcQPGTJuXAod98WZ9BGGXX,13,iad1,343,2048,,prj_8iQOrGzJ1eJ6OttmZ8LMj00sqIqX,,,01M0HMX9PQ1MJ0FB3SE3M4B77W,oVMK1fk96FRs,1,,
2026-08-21 07:52:32,1787298752208,www.staffordshirewoodfuels.co.uk/api/log-drain,POST,,200,np5mb-1787298752208-a0d8f9f36f4b,VercelDrain/1.0 (+https://vercel.com/docs/drains),,production,main,MISS,function,/api/log-drain,www.staffordshirewoodfuels.co.uk,staffordshire-6diohmfiq-mailfoundry.vercel.app,dpl_BqZmMgBcQPGTJuXAod98WZ9BGGXX,5,iad1,302,2048,,prj_8iQOrGzJ1eJ6OttmZ8LMj00sqIqX,,,01M0HMX9QEK19V6FTKMM9PFRSH,b0ntOOipQFsh,1,,
2026-08-21 07:52:32,1787298752196,www.staffordshirewoodfuels.co.uk/api/log-drain,POST,,200,xp2fq-1787298752196-af7a1c5938b3,VercelDrain/1.0 (+https://vercel.com/docs/drains),,production,main,MISS,middleware,/_middleware,www.staffordshirewoodfuels.co.uk,staffordshire-6diohmfiq-mailfoundry.vercel.app,dpl_BqZmMgBcQPGTJuXAod98WZ9BGGXX,6,iad1,352,2048,,prj_8iQOrGzJ1eJ6OttmZ8LMj00sqIqX,,,01M0HMX9P8MDDJKAERNX2X7RMZ,fMOyNr94GBGB,1,,
2026-08-21 07:52:32,1787298752196,www.staffordshirewoodfuels.co.uk/api/log-drain,POST,,200,xp2fq-1787298752196-af7a1c5938b3,VercelDrain/1.0 (+https://vercel.com/docs/drains),,production,main,MISS,function,/api/log-drain,www.staffordshirewoodfuels.co.uk,staffordshire-6diohmfiq-mailfoundry.vercel.app,dpl_BqZmMgBcQPGTJuXAod98WZ9BGGXX,7,iad1,273,2048,,prj_8iQOrGzJ1eJ6OttmZ8LMj00sqIqX,,,01M0HMX9PRQWVBARVPXSN64TE2,BdZ1jMk8e3yz,1,,
2026-08-21 07:52:32,1787298752193,www.staffordshirewoodfuels.co.uk/api/log-drain,POST,,200,pklz4-1787298752193-c76fa4f24373,VercelDrain/1.0 (+https://vercel.com/docs/drains),,production,main,MISS,middleware,/_middleware,www.staffordshirewoodfuels.co.uk,staffordshire-6diohmfiq-mailfoundry.vercel.app,dpl_BqZmMgBcQPGTJuXAod98WZ9BGGXX,6,iad1,352,2048,,prj_8iQOrGzJ1eJ6OttmZ8LMj00sqIqX,,,01M0HMX9PXW4RXBW96NKDVH70B,fMOyNr94GBGB,1,,
2026-08-21 07:52:32,1787298752193,www.staffordshirewoodfuels.co.uk/api/log-drain,POST,,200,pklz4-1787298752193-c76fa4f24373,VercelDrain/1.0 (+https://vercel.com/docs/drains),,production,main,MISS,function,/api/log-drain,www.staffordshirewoodfuels.co.uk,staffordshire-6diohmfiq-mailfoundry.vercel.app,dpl_BqZmMgBcQPGTJuXAod98WZ9BGGXX,6,iad1,273,2048,,prj_8iQOrGzJ1eJ6OttmZ8LMj00sqIqX,,,01M0HMX9QNTKG154D1NWB0VMHF,BdZ1jMk8e3yz,1,,
2026-08-21 07:52:32,1787298752184,www.staffordshirewoodfuels.co.uk/api/log-drain,POST,,200,4cn6t-1787298752184-0a1851e65b62,VercelDrain/1.0 (+https://vercel.com/docs/drains),,production,main,MISS,middleware,/_middleware,www.staffordshirewoodfuels.co.uk,staffordshire-6diohmfiq-mailfoundry.vercel.app,dpl_BqZmMgBcQPGTJuXAod98WZ9BGGXX,6,iad1,342,2048,,prj_8iQOrGzJ1eJ6OttmZ8LMj00sqIqX,,,01M0HMX9P3V2MA6C75CCDD4EGH,jYwSUfQKo6zE,1,,
2026-08-21 07:52:32,1787298752184,www.staffordshirewoodfuels.co.uk/api/log-drain,POST,,200,4cn6t-1787298752184-0a1851e65b62,VercelDrain/1.0 (+https://vercel.com/docs/drains),,production,main,MISS,function,/api/log-drain,www.staffordshirewoodfuels.co.uk,staffordshire-6diohmfiq-mailfoundry.vercel.app,dpl_BqZmMgBcQPGTJuXAod98WZ9BGGXX,5,iad1,302,2048,,prj_8iQOrGzJ1eJ6OttmZ8LMj00sqIqX,,,01M0HMX9PHGAHS32Q3X82VTNEA,b0ntOOipQFsh,1,,
2026-08-21 07:52:32,1787298752174,www.staffordshirewoodfuels.co.uk/api/log-drain,POST,,200,v7hwl-1787298752174-48866830d645,VercelDrain/1.0 (+https://vercel.com/docs/drains),,production,main,MISS,middleware,/_middleware,www.staffordshirewoodfuels.co.uk,staffordshire-6diohmfiq-mailfoundry.vercel.app,dpl_BqZmMgBcQPGTJuXAod98WZ9BGGXX,6,iad1,342,2048,,prj_8iQOrGzJ1eJ6OttmZ8LMj00sqIqX,,,01M0HMX9NP4A1TVVJPBK21G3YC,jYwSUfQKo6zE,1,,
2026-08-21 07:52:32,1787298752174,www.staffordshirewoodfuels.co.uk/api/log-drain,POST,,200,v7hwl-1787298752174-48866830d645,VercelDrain/1.0 (+https://vercel.com/docs/drains),,production,main,MISS,function,/api/log-drain,www.staffordshirewoodfuels.co.uk,staffordshire-6diohmfiq-mailfoundry.vercel.app,dpl_BqZmMgBcQPGTJuXAod98WZ9BGGXX,5,iad1,302,2048,,prj_8iQOrGzJ1eJ6OttmZ8LMj00sqIqX,,,01M0HMX9P6RZ5H3VX34F56SPHT,b0ntOOipQFsh,1,,
2026-08-21 07:52:32,1787298752165,www.staffordshirewoodfuels.co.uk/api/log-drain,POST,,200,bmwjv-1787298752165-2b2208e45b7e,VercelDrain/1.0 (+https://vercel.com/docs/drains),,production,main,MISS,middleware,/_middleware,www.staffordshirewoodfuels.co.uk,staffordshire-6diohmfiq-mailfoundry.vercel.app,dpl_BqZmMgBcQPGTJuXAod98WZ9BGGXX,5,iad1,343,2048,,prj_8iQOrGzJ1eJ6OttmZ8LMj00sqIqX,,,01M0HMX9PB2NK95ZFDRG3NXGQH,oVMK1fk96FRs,1,,
2026-08-21 07:52:32,1787298752165,www.staffordshirewoodfuels.co.uk/api/log-drain,POST,,200,bmwjv-1787298752165-2b2208e45b7e,VercelDrain/1.0 (+https://vercel.com/docs/drains),,production,main,MISS,function,/api/log-drain,www.staffordshirewoodfuels.co.uk,staffordshire-6diohmfiq-mailfoundry.vercel.app,dpl_BqZmMgBcQPGTJuXAod98WZ9BGGXX,5,iad1,302,2048,,prj_8iQOrGzJ1eJ6OttmZ8LMj00sqIqX,,,01M0HMX9PZ60XJNNHNC9S748SB,b0ntOOipQFsh,1,,
2026-08-21 07:52:32,1787298752161,www.staffordshirewoodfuels.co.uk/api/log-drain,POST,,200,d5fdh-1787298752161-f62f231d9faf,VercelDrain/1.0 (+https://vercel.com/docs/drains),,production,main,MISS,middleware,/_middleware,www.staffordshirewoodfuels.co.uk,staffordshire-6diohmfiq-mailfoundry.vercel.app,dpl_BqZmMgBcQPGTJuXAod98WZ9BGGXX,6,iad1,352,2048,,prj_8iQOrGzJ1eJ6OttmZ8LMj00sqIqX,,,01M0HMX9N9JVXTMP6JKHTPNTVE,fMOyNr94GBGB,1,,
2026-08-21 07:52:32,1787298752161,www.staffordshirewoodfuels.co.uk/api/log-drain,POST,,200,d5fdh-1787298752161-f62f231d9faf,VercelDrain/1.0 (+https://vercel.com/docs/drains),,production,main,MISS,function,/api/log-drain,www.staffordshirewoodfuels.co.uk,staffordshire-6diohmfiq-mailfoundry.vercel.app,dpl_BqZmMgBcQPGTJuXAod98WZ9BGGXX,6,iad1,273,2048,,prj_8iQOrGzJ1eJ6OttmZ8LMj00sqIqX,,,01M0HMX9NXP2FPKBHKESGFT75C,BdZ1jMk8e3yz,1,,
2026-08-21 07:52:32,1787298752158,www.staffordshirewoodfuels.co.uk/api/log-drain,POST,,200,tz66w-1787298752158-539ebe4cc77c,VercelDrain/1.0 (+https://vercel.com/docs/drains),,production,main,MISS,middleware,/_middleware,www.staffordshirewoodfuels.co.uk,staffordshire-6diohmfiq-mailfoundry.vercel.app,dpl_BqZmMgBcQPGTJuXAod98WZ9BGGXX,6,iad1,342,2048,,prj_8iQOrGzJ1eJ6OttmZ8LMj00sqIqX,,,01M0HMX9N9827V6QFXZKGES759,jYwSUfQKo6zE,1,,
2026-08-21 07:52:32,1787298752158,www.staffordshirewoodfuels.co.uk/api/log-drain,POST,,200,tz66w-1787298752158-539ebe4cc77c,VercelDrain/1.0 (+https://vercel.com/docs/drains),,production,main,MISS,function,/api/log-drain,www.staffordshirewoodfuels.co.uk,staffordshire-6diohmfiq-mailfoundry.vercel.app,dpl_BqZmMgBcQPGTJuXAod98WZ9BGGXX,6,iad1,303,2048,,prj_8iQOrGzJ1eJ6OttmZ8LMj00sqIqX,,,01M0HMX9NSJ4ES9T0KWC7Q4FRS,b0ntOOipQFsh,1,,
2026-08-21 07:52:32,1787298752139,www.staffordshirewoodfuels.co.uk/api/log-drain,POST,,200,796p6-1787298752139-c10293fd981c,VercelDrain/1.0 (+https://vercel.com/docs/drains),,production,main,MISS,middleware,/_middleware,www.staffordshirewoodfuels.co.uk,staffordshire-6diohmfiq-mailfoundry.vercel.app,dpl_BqZmMgBcQPGTJuXAod98WZ9BGGXX,6,iad1,352,2048,,prj_8iQOrGzJ1eJ6OttmZ8LMj00sqIqX,,,01M0HMX9MKZVS7A6MAEB89VQ2R,fMOyNr94GBGB,1,,
2026-08-21 07:52:32,1787298752139,www.staffordshirewoodfuels.co.uk/api/log-drain,POST,,200,796p6-1787298752139-c10293fd981c,VercelDrain/1.0 (+https://vercel.com/docs/drains),,production,main,MISS,function,/api/log-drain,www.staffordshirewoodfuels.co.uk,staffordshire-6diohmfiq-mailfoundry.vercel.app,dpl_BqZmMgBcQPGTJuXAod98WZ9BGGXX,6,iad1,303,2048,,prj_8iQOrGzJ1eJ6OttmZ8LMj00sqIqX,,,01M0HMX9N67YEKWFACQNXCHJDM,b0ntOOipQFsh,1,,
2026-08-21 07:52:32,1787298752101,www.staffordshirewoodfuels.co.uk/api/log-drain,POST,,200,wf59r-1787298752101-4edbfabc1693,VercelDrain/1.0 (+https://vercel.com/docs/drains),,production,main,MISS,middleware,/_middleware,www.staffordshirewoodfuels.co.uk,staffordshire-6diohmfiq-mailfoundry.vercel.app,dpl_BqZmMgBcQPGTJuXAod98WZ9BGGXX,5,iad1,343,2048,,prj_8iQOrGzJ1eJ6OttmZ8LMj00sqIqX,,,01M0HMX9K8C17JN0RNT7Z9P7P3,oVMK1fk96FRs,1,,
2026-08-21 07:52:32,1787298752101,www.staffordshirewoodfuels.co.uk/api/log-drain,POST,,200,wf59r-1787298752101-4edbfabc1693,VercelDrain/1.0 (+https://vercel.com/docs/drains),,production,main,MISS,function,/api/log-drain,www.staffordshirewoodfuels.co.uk,staffordshire-6diohmfiq-mailfoundry.vercel.app,dpl_BqZmMgBcQPGTJuXAod98WZ9BGGXX,5,iad1,320,2048,,prj_8iQOrGzJ1eJ6OttmZ8LMj00sqIqX,,,01M0HMX9KQF1XC4V4F6AN2MFF0,qohtDSwBu4Gb,1,,
2026-08-21 07:52:32,1787298752098,www.staffordshirewoodfuels.co.uk/api/log-drain,POST,,200,dctsn-1787298752098-73926149a90e,VercelDrain/1.0 (+https://vercel.com/docs/drains),,production,main,MISS,middleware,/_middleware,www.staffordshirewoodfuels.co.uk,staffordshire-6diohmfiq-mailfoundry.vercel.app,dpl_BqZmMgBcQPGTJuXAod98WZ9BGGXX,6,iad1,342,2048,,prj_8iQOrGzJ1eJ6OttmZ8LMj00sqIqX,,,01M0HMX9K58E33FD5712QTET42,jYwSUfQKo6zE,1,,
2026-08-21 07:52:32,1787298752098,www.staffordshirewoodfuels.co.uk/api/log-drain,POST,,200,dctsn-1787298752098-73926149a90e,VercelDrain/1.0 (+https://vercel.com/docs/drains),,production,main,MISS,function,/api/log-drain,www.staffordshirewoodfuels.co.uk,staffordshire-6diohmfiq-mailfoundry.vercel.app,dpl_BqZmMgBcQPGTJuXAod98WZ9BGGXX,6,iad1,273,2048,,prj_8iQOrGzJ1eJ6OttmZ8LMj00sqIqX,,,01M0HMX9KSZPCM3C89ZTG90SQR,BdZ1jMk8e3yz,1,,
2026-08-21 07:52:32,1787298752093,www.staffordshirewoodfuels.co.uk/api/log-drain,POST,,200,jhl9b-1787298752093-6a4eb8605d36,VercelDrain/1.0 (+https://vercel.com/docs/drains),,production,main,MISS,middleware,/_middleware,www.staffordshirewoodfuels.co.uk,staffordshire-6diohmfiq-mailfoundry.vercel.app,dpl_BqZmMgBcQPGTJuXAod98WZ9BGGXX,6,iad1,352,2048,,prj_8iQOrGzJ1eJ6OttmZ8LMj00sqIqX,,,01M0HMX9K8QRGGEF7VTP7PEMJ0,fMOyNr94GBGB,1,,
2026-08-21 07:52:32,1787298752093,www.staffordshirewoodfuels.co.uk/api/log-drain,POST,,200,jhl9b-1787298752093-6a4eb8605d36,VercelDrain/1.0 (+https://vercel.com/docs/drains),,production,main,MISS,function,/api/log-drain,www.staffordshirewoodfuels.co.uk,staffordshire-6diohmfiq-mailfoundry.vercel.app,dpl_BqZmMgBcQPGTJuXAod98WZ9BGGXX,7,iad1,302,2048,,prj_8iQOrGzJ1eJ6OttmZ8LMj00sqIqX,,,01M0HMX9KSCB75TMVNY50DHCVR,b0ntOOipQFsh,1,,
2026-08-21 07:52:32,1787298752034,www.staffordshirewoodfuels.co.uk/api/log-drain,POST,,200,6hhzl-1787298752034-2930fd96f0f6,VercelDrain/1.0 (+https://vercel.com/docs/drains),,production,main,MISS,function,/api/log-drain,www.staffordshirewoodfuels.co.uk,staffordshire-6diohmfiq-mailfoundry.vercel.app,dpl_BqZmMgBcQPGTJuXAod98WZ9BGGXX,5,iad1,320,2048,,prj_8iQOrGzJ1eJ6OttmZ8LMj00sqIqX,,,01M0HMX9HV8T0180RMSA72F1SZ,qohtDSwBu4Gb,1,,
2026-08-21 07:52:32,1787298752034,www.staffordshirewoodfuels.co.uk/api/log-drain,POST,,200,6hhzl-1787298752034-2930fd96f0f6,VercelDrain/1.0 (+https://vercel.com/docs/drains),,production,main,MISS,middleware,/_middleware,www.staffordshirewoodfuels.co.uk,staffordshire-6diohmfiq-mailfoundry.vercel.app,dpl_BqZmMgBcQPGTJuXAod98WZ9BGGXX,6,iad1,342,2048,,prj_8iQOrGzJ1eJ6OttmZ8LMj00sqIqX,,,01M0HMX9HA2SVV9H9BZB3DK5VY,jYwSUfQKo6zE,1,,
2026-08-21 07:52:32,1787298752030,www.staffordshirewoodfuels.co.uk/api/log-drain,POST,,200,ndmk4-1787298752030-c05b5975c719,VercelDrain/1.0 (+https://vercel.com/docs/drains),,production,main,MISS,function,/api/log-drain,www.staffordshirewoodfuels.co.uk,staffordshire-6diohmfiq-mailfoundry.vercel.app,dpl_BqZmMgBcQPGTJuXAod98WZ9BGGXX,5,iad1,273,2048,,prj_8iQOrGzJ1eJ6OttmZ8LMj00sqIqX,,,01M0HMX9HPVPF8E1RJMEGD15NN,BdZ1jMk8e3yz,1,,
2026-08-21 07:52:32,1787298752030,www.staffordshirewoodfuels.co.uk/api/log-drain,POST,,200,ndmk4-1787298752030-c05b5975c719,VercelDrain/1.0 (+https://vercel.com/docs/drains),,production,main,MISS,middleware,/_middleware,www.staffordshirewoodfuels.co.uk,staffordshire-6diohmfiq-mailfoundry.vercel.app,dpl_BqZmMgBcQPGTJuXAod98WZ9BGGXX,5,iad1,352,2048,,prj_8iQOrGzJ1eJ6OttmZ8LMj00sqIqX,,,01M0HMX9H5EE3RQN0FVKT3JYMQ,fMOyNr94GBGB,1,,
2026-08-21 07:52:32,1787298752004,www.staffordshirewoodfuels.co.uk/api/log-drain,POST,,200,52c2s-1787298752004-201017e9efce,VercelDrain/1.0 (+https://vercel.com/docs/drains),,production,main,MISS,function,/api/log-drain,www.staffordshirewoodfuels.co.uk,staffordshire-6diohmfiq-mailfoundry.vercel.app,dpl_BqZmMgBcQPGTJuXAod98WZ9BGGXX,6,iad1,273,2048,,prj_8iQOrGzJ1eJ6OttmZ8LMj00sqIqX,,,01M0HMX9GWW3PZ3XN9ZPRJ0HJ3,BdZ1jMk8e3yz,1,,
2026-08-21 07:52:32,1787298752004,www.staffordshirewoodfuels.co.uk/api/log-drain,POST,,200,52c2s-1787298752004-201017e9efce,VercelDrain/1.0 (+https://vercel.com/docs/drains),,production,main,MISS,middleware,/_middleware,www.staffordshirewoodfuels.co.uk,staffordshire-6diohmfiq-mailfoundry.vercel.app,dpl_BqZmMgBcQPGTJuXAod98WZ9BGGXX,6,iad1,352,2048,,prj_8iQOrGzJ1eJ6OttmZ8LMj00sqIqX,,,01M0HMX9GB74Y8GHYVWKQD7HVX,fMOyNr94GBGB,1,,
2026-08-21 07:52:31,1787298751976,www.staffordshirewoodfuels.co.uk/api/log-drain,POST,,200,csmnv-1787298751976-ef42e94da8f6,VercelDrain/1.0 (+https://vercel.com/docs/drains),,production,main,MISS,function,/api/log-drain,www.staffordshirewoodfuels.co.uk,staffordshire-6diohmfiq-mailfoundry.vercel.app,dpl_BqZmMgBcQPGTJuXAod98WZ9BGGXX,6,iad1,320,2048,,prj_8iQOrGzJ1eJ6OttmZ8LMj00sqIqX,,,01M0HMX9G1VFQ1R5QJ818F2BAZ,qohtDSwBu4Gb,1,,
2026-08-21 07:52:31,1787298751976,www.staffordshirewoodfuels.co.uk/api/log-drain,POST,,200,csmnv-1787298751976-ef42e94da8f6,VercelDrain/1.0 (+https://vercel.com/docs/drains),,production,main,MISS,middleware,/_middleware,www.staffordshirewoodfuels.co.uk,staffordshire-6diohmfiq-mailfoundry.vercel.app,dpl_BqZmMgBcQPGTJuXAod98WZ9BGGXX,5,iad1,352,2048,,prj_8iQOrGzJ1eJ6OttmZ8LMj00sqIqX,,,01M0HMX9FHPAT40ZTRW5K3ZF9B,fMOyNr94GBGB,1,,
2026-08-21 07:52:31,1787298751974,www.staffordshirewoodfuels.co.uk/api/log-drain,POST,,200,kg9sz-1787298751974-38aabda784e7,VercelDrain/1.0 (+https://vercel.com/docs/drains),,production,main,MISS,function,/api/log-drain,www.staffordshirewoodfuels.co.uk,staffordshire-6diohmfiq-mailfoundry.vercel.app,dpl_BqZmMgBcQPGTJuXAod98WZ9BGGXX,6,iad1,273,2048,,prj_8iQOrGzJ1eJ6OttmZ8LMj00sqIqX,,,01M0HMX9G3NB62EB0WNDBQ55TF,BdZ1jMk8e3yz,1,,
2026-08-21 07:52:31,1787298751974,www.staffordshirewoodfuels.co.uk/api/log-drain,POST,,200,kg9sz-1787298751974-38aabda784e7,VercelDrain/1.0 (+https://vercel.com/docs/drains),,production,main,MISS,middleware,/_middleware,www.staffordshirewoodfuels.co.uk,staffordshire-6diohmfiq-mailfoundry.vercel.app,dpl_BqZmMgBcQPGTJuXAod98WZ9BGGXX,5,iad1,342,2048,,prj_8iQOrGzJ1eJ6OttmZ8LMj00sqIqX,,,01M0HMX9FBSGP1SJR1E7MZEK1M,jYwSUfQKo6zE,1,,
2026-08-21 07:52:31,1787298751950,www.staffordshirewoodfuels.co.uk/api/log-drain,POST,,200,wbwbl-1787298751950-4f7139cd12d2,VercelDrain/1.0 (+https://vercel.com/docs/drains),,production,main,MISS,function,/api/log-drain,www.staffordshirewoodfuels.co.uk,staffordshire-6diohmfiq-mailfoundry.vercel.app,dpl_BqZmMgBcQPGTJuXAod98WZ9BGGXX,6,iad1,273,2048,,prj_8iQOrGzJ1eJ6OttmZ8LMj00sqIqX,,,01M0HMX9F6TXMNPM60XR443S2C,BdZ1jMk8e3yz,1,,
2026-08-21 07:52:31,1787298751950,www.staffordshirewoodfuels.co.uk/api/log-drain,POST,,200,wbwbl-1787298751950-4f7139cd12d2,VercelDrain/1.0 (+https://vercel.com/docs/drains),,production,main,MISS,middleware,/_middleware,www.staffordshirewoodfuels.co.uk,staffordshire-6diohmfiq-mailfoundry.vercel.app,dpl_BqZmMgBcQPGTJuXAod98WZ9BGGXX,6,iad1,342,2048,,prj_8iQOrGzJ1eJ6OttmZ8LMj00sqIqX,,,01M0HMX9EP2BRJ5MDF3C5P1G0A,jYwSUfQKo6zE,1,,
2026-08-21 07:52:31,1787298751885,www.staffordshirewoodfuels.co.uk/api/log-drain,POST,,200,vrwpb-1787298751885-376267e5fead,VercelDrain/1.0 (+https://vercel.com/docs/drains),,production,main,MISS,function,/api/log-drain,www.staffordshirewoodfuels.co.uk,staffordshire-6diohmfiq-mailfoundry.vercel.app,dpl_BqZmMgBcQPGTJuXAod98WZ9BGGXX,6,iad1,273,2048,,prj_8iQOrGzJ1eJ6OttmZ8LMj00sqIqX,,,01M0HMX9DQRFCE3NREPGB1939J,BdZ1jMk8e3yz,1,,
2026-08-21 07:52:31,1787298751885,www.staffordshirewoodfuels.co.uk/api/log-drain,POST,,200,vrwpb-1787298751885-376267e5fead,VercelDrain/1.0 (+https://vercel.com/docs/drains),,production,main,MISS,middleware,/_middleware,www.staffordshirewoodfuels.co.uk,staffordshire-6diohmfiq-mailfoundry.vercel.app,dpl_BqZmMgBcQPGTJuXAod98WZ9BGGXX,5,iad1,352,2048,,prj_8iQOrGzJ1eJ6OttmZ8LMj00sqIqX,,,01M0HMX9D7HKH2DQ94A3SM1WZR,fMOyNr94GBGB,1,,
2026-08-21 07:52:31,1787298751866,www.staffordshirewoodfuels.co.uk/api/log-drain,POST,,200,h57tp-1787298751866-146be253784d,VercelDrain/1.0 (+https://vercel.com/docs/drains),,production,main,MISS,function,/api/log-drain,www.staffordshirewoodfuels.co.uk,staffordshire-6diohmfiq-mailfoundry.vercel.app,dpl_BqZmMgBcQPGTJuXAod98WZ9BGGXX,7,iad1,320,2048,,prj_8iQOrGzJ1eJ6OttmZ8LMj00sqIqX,,,01M0HMX9CWZBY1BNMKRT2Q4H7Q,qohtDSwBu4Gb,1,,
2026-08-21 07:52:31,1787298751866,www.staffordshirewoodfuels.co.uk/api/log-drain,POST,,200,h57tp-1787298751866-146be253784d,VercelDrain/1.0 (+https://vercel.com/docs/drains),,production,main,MISS,middleware,/_middleware,www.staffordshirewoodfuels.co.uk,staffordshire-6diohmfiq-mailfoundry.vercel.app,dpl_BqZmMgBcQPGTJuXAod98WZ9BGGXX,6,iad1,352,2048,,prj_8iQOrGzJ1eJ6OttmZ8LMj00sqIqX,,,01M0HMX9C1SYJN2EADDQNHCAMR,fMOyNr94GBGB,1,,
2026-08-21 07:52:31,1787298751813,www.staffordshirewoodfuels.co.uk/api/log-drain,POST,,200,fr5j9-1787298751813-155e36280a10,VercelDrain/1.0 (+https://vercel.com/docs/drains),,production,main,MISS,function,/api/log-drain,www.staffordshirewoodfuels.co.uk,staffordshire-6diohmfiq-mailfoundry.vercel.app,dpl_BqZmMgBcQPGTJuXAod98WZ9BGGXX,6,iad1,272,2048,,prj_8iQOrGzJ1eJ6OttmZ8LMj00sqIqX,,,01M0HMX9D0100NEK2RMN9HH34Y,BdZ1jMk8e3yz,1,,
2026-08-21 07:52:31,1787298751813,www.staffordshirewoodfuels.co.uk/api/log-drain,POST,,200,fr5j9-1787298751813-155e36280a10,VercelDrain/1.0 (+https://vercel.com/docs/drains),,production,main,MISS,middleware,/_middleware,www.staffordshirewoodfuels.co.uk,staffordshire-6diohmfiq-mailfoundry.vercel.app,dpl_BqZmMgBcQPGTJuXAod98WZ9BGGXX,5,gru1,214,2048,,prj_8iQOrGzJ1eJ6OttmZ8LMj00sqIqX,,,01M0HMX9AE18T2PF4NRQSKB3B4,K7gYRfwSVrsD,1,,
2026-08-21 07:52:31,1787298751786,www.staffordshirewoodfuels.co.uk/api/log-drain,POST,,200,wwmgb-1787298751786-5f2db8b1ac3b,VercelDrain/1.0 (+https://vercel.com/docs/drains),,production,main,MISS,function,/api/log-drain,www.staffordshirewoodfuels.co.uk,staffordshire-6diohmfiq-mailfoundry.vercel.app,dpl_BqZmMgBcQPGTJuXAod98WZ9BGGXX,5,iad1,273,2048,,prj_8iQOrGzJ1eJ6OttmZ8LMj00sqIqX,,,01M0HMX9H9155WHQ8W1NT1MSWC,BdZ1jMk8e3yz,1,,
2026-08-21 07:52:31,1787298751786,www.staffordshirewoodfuels.co.uk/api/log-drain,POST,,200,wwmgb-1787298751786-5f2db8b1ac3b,VercelDrain/1.0 (+https://vercel.com/docs/drains),,production,main,MISS,middleware,/_middleware,www.staffordshirewoodfuels.co.uk,staffordshire-6diohmfiq-mailfoundry.vercel.app,dpl_BqZmMgBcQPGTJuXAod98WZ9BGGXX,6,iad1,342,2048,,prj_8iQOrGzJ1eJ6OttmZ8LMj00sqIqX,,,01M0HMX9DDKGY1MJS3BVNZBPDW,jYwSUfQKo6zE,1,,
2026-08-21 07:52:31,1787298751781,www.staffordshirewoodfuels.co.uk/api/log-drain,POST,,200,2ph9n-1787298751781-381eaba16d9d,VercelDrain/1.0 (+https://vercel.com/docs/drains),,production,main,MISS,function,/api/log-drain,www.staffordshirewoodfuels.co.uk,staffordshire-6diohmfiq-mailfoundry.vercel.app,dpl_BqZmMgBcQPGTJuXAod98WZ9BGGXX,6,iad1,320,2048,,prj_8iQOrGzJ1eJ6OttmZ8LMj00sqIqX,,,01M0HMX99W2F7QW3P0SS8NGZK4,qohtDSwBu4Gb,1,,
2026-08-21 07:52:31,1787298751781,www.staffordshirewoodfuels.co.uk/api/log-drain,POST,,200,2ph9n-1787298751781-381eaba16d9d,VercelDrain/1.0 (+https://vercel.com/docs/drains),,production,main,MISS,middleware,/_middleware,www.staffordshirewoodfuels.co.uk,staffordshire-6diohmfiq-mailfoundry.vercel.app,dpl_BqZmMgBcQPGTJuXAod98WZ9BGGXX,6,iad1,352,2048,,prj_8iQOrGzJ1eJ6OttmZ8LMj00sqIqX,,,01M0HMX99D3AYWP00HKT3YBZKM,fMOyNr94GBGB,1,,
2026-08-21 07:52:31,1787298751766,www.staffordshirewoodfuels.co.uk/api/log-drain,POST,,200,hf7rl-1787298751766-d8cb564fdd39,VercelDrain/1.0 (+https://vercel.com/docs/drains),,production,main,MISS,function,/api/log-drain,www.staffordshirewoodfuels.co.uk,staffordshire-6diohmfiq-mailfoundry.vercel.app,dpl_BqZmMgBcQPGTJuXAod98WZ9BGGXX,6,iad1,302,2048,,prj_8iQOrGzJ1eJ6OttmZ8LMj00sqIqX,,,01M0HMX99JAMSMJKDQZ2RBGJ9X,b0ntOOipQFsh,1,,
2026-08-21 07:52:31,1787298751766,www.staffordshirewoodfuels.co.uk/api/log-drain,POST,,200,hf7rl-1787298751766-d8cb564fdd39,VercelDrain/1.0 (+https://vercel.com/docs/drains),,production,main,MISS,middleware,/_middleware,www.staffordshirewoodfuels.co.uk,staffordshire-6diohmfiq-mailfoundry.vercel.app,dpl_BqZmMgBcQPGTJuXAod98WZ9BGGXX,6,iad1,342,2048,,prj_8iQOrGzJ1eJ6OttmZ8LMj00sqIqX,,,01M0HMX993ZZ8NXF3E3BH4A5S8,jYwSUfQKo6zE,1,,
2026-08-21 07:52:31,1787298751764,www.staffordshirewoodfuels.co.uk/api/log-drain,POST,,200,p59pv-1787298751764-7737f5979258,VercelDrain/1.0 (+https://vercel.com/docs/drains),,production,main,MISS,function,/api/log-drain,www.staffordshirewoodfuels.co.uk,staffordshire-6diohmfiq-mailfoundry.vercel.app,dpl_BqZmMgBcQPGTJuXAod98WZ9BGGXX,6,iad1,272,2048,,prj_8iQOrGzJ1eJ6OttmZ8LMj00sqIqX,,,01M0HMX99KDG82QAWXJKQV2NZ9,BdZ1jMk8e3yz,1,,
2026-08-21 07:52:31,1787298751764,www.staffordshirewoodfuels.co.uk/api/log-drain,POST,,200,p59pv-1787298751764-7737f5979258,VercelDrain/1.0 (+https://vercel.com/docs/drains),,production,main,MISS,middleware,/_middleware,www.staffordshirewoodfuels.co.uk,staffordshire-6diohmfiq-mailfoundry.vercel.app,dpl_BqZmMgBcQPGTJuXAod98WZ9BGGXX,5,iad1,343,2048,,prj_8iQOrGzJ1eJ6OttmZ8LMj00sqIqX,,,01M0HMX995GC3V92P2MRCZ410X,oVMK1fk96FRs,1,,
2026-08-21 07:52:31,1787298751749,www.staffordshirewoodfuels.co.uk/api/log-drain,POST,,200,8wnnz-1787298751749-f2aecb51f2e2,VercelDrain/1.0 (+https://vercel.com/docs/drains),,production,main,MISS,function,/api/log-drain,www.staffordshirewoodfuels.co.uk,staffordshire-6diohmfiq-mailfoundry.vercel.app,dpl_BqZmMgBcQPGTJuXAod98WZ9BGGXX,6,iad1,272,2048,,prj_8iQOrGzJ1eJ6OttmZ8LMj00sqIqX,,,01M0HMX98ZTDD5KFFEJAX1S2C4,BdZ1jMk8e3yz,1,,
2026-08-21 07:52:31,1787298751749,www.staffordshirewoodfuels.co.uk/api/log-drain,POST,,200,8wnnz-1787298751749-f2aecb51f2e2,VercelDrain/1.0 (+https://vercel.com/docs/drains),,production,main,MISS,middleware,/_middleware,www.staffordshirewoodfuels.co.uk,staffordshire-6diohmfiq-mailfoundry.vercel.app,dpl_BqZmMgBcQPGTJuXAod98WZ9BGGXX,5,iad1,342,2048,,prj_8iQOrGzJ1eJ6OttmZ8LMj00sqIqX,,,01M0HMX98BAWXFRDJ6BSBTQ9J5,jYwSUfQKo6zE,1,,
2026-08-21 07:52:31,1787298751746,www.staffordshirewoodfuels.co.uk/api/log-drain,POST,,200,btgzz-1787298751746-992ad380fbc3,VercelDrain/1.0 (+https://vercel.com/docs/drains),,production,main,MISS,function,/api/log-drain,www.staffordshirewoodfuels.co.uk,staffordshire-6diohmfiq-mailfoundry.vercel.app,dpl_BqZmMgBcQPGTJuXAod98WZ9BGGXX,5,iad1,302,2048,,prj_8iQOrGzJ1eJ6OttmZ8LMj00sqIqX,,,01M0HMX98WEXD9011DWV9FM6DT,b0ntOOipQFsh,1,,
2026-08-21 07:52:31,1787298751746,www.staffordshirewoodfuels.co.uk/api/log-drain,POST,,200,btgzz-1787298751746-992ad380fbc3,VercelDrain/1.0 (+https://vercel.com/docs/drains),,production,main,MISS,middleware,/_middleware,www.staffordshirewoodfuels.co.uk,staffordshire-6diohmfiq-mailfoundry.vercel.app,dpl_BqZmMgBcQPGTJuXAod98WZ9BGGXX,5,iad1,343,2048,,prj_8iQOrGzJ1eJ6OttmZ8LMj00sqIqX,,,01M0HMX98EFY93J6BSYAZRTE6F,oVMK1fk96FRs,1,,
2026-08-21 07:52:31,1787298751723,www.staffordshirewoodfuels.co.uk/api/log-drain,POST,,200,rrs8f-1787298751723-852a0ff502d3,VercelDrain/1.0 (+https://vercel.com/docs/drains),,production,main,MISS,function,/api/log-drain,www.staffordshirewoodfuels.co.uk,staffordshire-6diohmfiq-mailfoundry.vercel.app,dpl_BqZmMgBcQPGTJuXAod98WZ9BGGXX,5,iad1,302,2048,,prj_8iQOrGzJ1eJ6OttmZ8LMj00sqIqX,,,01M0HMX98CYX27YCWBT5KKM89E,b0ntOOipQFsh,1,,
2026-08-21 07:52:31,1787298751723,www.staffordshirewoodfuels.co.uk/api/log-drain,POST,,200,rrs8f-1787298751723-852a0ff502d3,VercelDrain/1.0 (+https://vercel.com/docs/drains),,production,main,MISS,middleware,/_middleware,www.staffordshirewoodfuels.co.uk,staffordshire-6diohmfiq-mailfoundry.vercel.app,dpl_BqZmMgBcQPGTJuXAod98WZ9BGGXX,6,iad1,342,2048,,prj_8iQOrGzJ1eJ6OttmZ8LMj00sqIqX,,,01M0HMX97WQP14ER4KYETK9DNP,jYwSUfQKo6zE,1,,
2026-08-21 07:52:31,1787298751707,www.staffordshirewoodfuels.co.uk/api/log-drain,POST,,200,5kqzp-1787298751707-f82bbf7ab42b,VercelDrain/1.0 (+https://vercel.com/docs/drains),,production,main,MISS,middleware,/_middleware,www.staffordshirewoodfuels.co.uk,staffordshire-6diohmfiq-mailfoundry.vercel.app,dpl_BqZmMgBcQPGTJuXAod98WZ9BGGXX,6,iad1,342,2048,,prj_8iQOrGzJ1eJ6OttmZ8LMj00sqIqX,,,01M0HMX972W8KAWE5AB972SHK3,jYwSUfQKo6zE,1,,
2026-08-21 07:52:31,1787298751707,www.staffordshirewoodfuels.co.uk/api/log-drain,POST,,200,5kqzp-1787298751707-f82bbf7ab42b,VercelDrain/1.0 (+https://vercel.com/docs/drains),,production,main,MISS,function,/api/log-drain,www.staffordshirewoodfuels.co.uk,staffordshire-6diohmfiq-mailfoundry.vercel.app,dpl_BqZmMgBcQPGTJuXAod98WZ9BGGXX,5,iad1,302,2048,,prj_8iQOrGzJ1eJ6OttmZ8LMj00sqIqX,,,01M0HMX97H05ZXDA3PQPTCX0AA,b0ntOOipQFsh,1,,
2026-08-21 07:52:31,1787298751694,www.staffordshirewoodfuels.co.uk/api/log-drain,POST,,200,rjwv7-1787298751694-c9269fadba0e,VercelDrain/1.0 (+https://vercel.com/docs/drains),,production,main,MISS,function,/api/log-drain,www.staffordshirewoodfuels.co.uk,staffordshire-6diohmfiq-mailfoundry.vercel.app,dpl_BqZmMgBcQPGTJuXAod98WZ9BGGXX,6,iad1,272,2048,,prj_8iQOrGzJ1eJ6OttmZ8LMj00sqIqX,,,01M0HMX971WAQS1KDBQ4FDXBAT,BdZ1jMk8e3yz,1,,
2026-08-21 07:52:31,1787298751694,www.staffordshirewoodfuels.co.uk/api/log-drain,POST,,200,rjwv7-1787298751694-c9269fadba0e,VercelDrain/1.0 (+https://vercel.com/docs/drains),,production,main,MISS,middleware,/_middleware,www.staffordshirewoodfuels.co.uk,staffordshire-6diohmfiq-mailfoundry.vercel.app,dpl_BqZmMgBcQPGTJuXAod98WZ9BGGXX,6,iad1,342,2048,,prj_8iQOrGzJ1eJ6OttmZ8LMj00sqIqX,,,01M0HMX96KY263XWV57X4YW5Q2,jYwSUfQKo6zE,1,,
2026-08-21 07:52:31,1787298751694,www.staffordshirewoodfuels.co.uk/api/log-drain,POST,,200,68qgx-1787298751694-32728f926dab,VercelDrain/1.0 (+https://vercel.com/docs/drains),,production,main,MISS,function,/api/log-drain,www.staffordshirewoodfuels.co.uk,staffordshire-6diohmfiq-mailfoundry.vercel.app,dpl_BqZmMgBcQPGTJuXAod98WZ9BGGXX,5,iad1,302,2048,,prj_8iQOrGzJ1eJ6OttmZ8LMj00sqIqX,,,01M0HMX972GY1D5100KEAS4ZEV,b0ntOOipQFsh,1,,
2026-08-21 07:52:31,1787298751694,www.staffordshirewoodfuels.co.uk/api/log-drain,POST,,200,68qgx-1787298751694-32728f926dab,VercelDrain/1.0 (+https://vercel.com/docs/drains),,production,main,MISS,middleware,/_middleware,www.staffordshirewoodfuels.co.uk,staffordshire-6diohmfiq-mailfoundry.vercel.app,dpl_BqZmMgBcQPGTJuXAod98WZ9BGGXX,6,iad1,343,2048,,prj_8iQOrGzJ1eJ6OttmZ8LMj00sqIqX,,,01M0HMX96KNJREY7RV1G548B39,oVMK1fk96FRs,1,,
2026-08-21 07:52:31,1787298751626,www.staffordshirewoodfuels.co.uk/api/log-drain,POST,,200,bmwjv-1787298751626-8fd8986b50b1,VercelDrain/1.0 (+https://vercel.com/docs/drains),,production,main,MISS,function,/api/log-drain,www.staffordshirewoodfuels.co.uk,staffordshire-6diohmfiq-mailfoundry.vercel.app,dpl_BqZmMgBcQPGTJuXAod98WZ9BGGXX,6,iad1,272,2048,,prj_8iQOrGzJ1eJ6OttmZ8LMj00sqIqX,,,01M0HMX94WWJ0B4A3QPQMD2N4P,BdZ1jMk8e3yz,1,,
2026-08-21 07:52:31,1787298751626,www.staffordshirewoodfuels.co.uk/api/log-drain,POST,,200,bmwjv-1787298751626-8fd8986b50b1,VercelDrain/1.0 (+https://vercel.com/docs/drains),,production,main,MISS,middleware,/_middleware,www.staffordshirewoodfuels.co.uk,staffordshire-6diohmfiq-mailfoundry.vercel.app,dpl_BqZmMgBcQPGTJuXAod98WZ9BGGXX,6,iad1,342,2048,,prj_8iQOrGzJ1eJ6OttmZ8LMj00sqIqX,,,01M0HMX94EFRQMA9SRK898W85S,jYwSUfQKo6zE,1,,
2026-08-21 07:52:31,1787298751610,www.staffordshirewoodfuels.co.uk/api/log-drain,POST,,200,6mxmd-1787298751610-f0c92bc8c00e,VercelDrain/1.0 (+https://vercel.com/docs/drains),,production,main,MISS,function,/api/log-drain,www.staffordshirewoodfuels.co.uk,staffordshire-6diohmfiq-mailfoundry.vercel.app,dpl_BqZmMgBcQPGTJuXAod98WZ9BGGXX,7,iad1,302,2048,,prj_8iQOrGzJ1eJ6OttmZ8LMj00sqIqX,,,01M0HMX94Q0S96BM1G89FCGV3K,b0ntOOipQFsh,1,,
2026-08-21 07:52:31,1787298751610,www.staffordshirewoodfuels.co.uk/api/log-drain,POST,,200,6mxmd-1787298751610-f0c92bc8c00e,VercelDrain/1.0 (+https://vercel.com/docs/drains),,production,main,MISS,middleware,/_middleware,www.staffordshirewoodfuels.co.uk,staffordshire-6diohmfiq-mailfoundry.vercel.app,dpl_BqZmMgBcQPGTJuXAod98WZ9BGGXX,6,iad1,343,2048,,prj_8iQOrGzJ1eJ6OttmZ8LMj00sqIqX,,,01M0HMX946J4G5YB2RSEHNKN6D,oVMK1fk96FRs,1,,
2026-08-21 07:52:31,1787298751583,www.staffordshirewoodfuels.co.uk/api/log-drain,POST,,200,69vbq-1787298751583-efdb84974e59,VercelDrain/1.0 (+https://vercel.com/docs/drains),,production,main,MISS,middleware,/_middleware,www.staffordshirewoodfuels.co.uk,staffordshire-6diohmfiq-mailfoundry.vercel.app,dpl_BqZmMgBcQPGTJuXAod98WZ9BGGXX,6,lhr1,230,2048,,prj_8iQOrGzJ1eJ6OttmZ8LMj00sqIqX,,,01M0HMX9372MC5J5A1K7E0AF34,TqFzbyVk8DIM,1,,
2026-08-21 07:52:31,1787298751583,www.staffordshirewoodfuels.co.uk/api/log-drain,POST,,200,69vbq-1787298751583-efdb84974e59,VercelDrain/1.0 (+https://vercel.com/docs/drains),,production,main,MISS,function,/api/log-drain,www.staffordshirewoodfuels.co.uk,staffordshire-6diohmfiq-mailfoundry.vercel.app,dpl_BqZmMgBcQPGTJuXAod98WZ9BGGXX,5,iad1,272,2048,,prj_8iQOrGzJ1eJ6OttmZ8LMj00sqIqX,,,01M0HMX97G6QKXGMRR1W68TC54,BdZ1jMk8e3yz,1,,
2026-08-21 07:52:31,1787298751545,www.staffordshirewoodfuels.co.uk/api/log-drain,POST,,200,5kgbm-1787298751545-5ef97903b5c3,VercelDrain/1.0 (+https://vercel.com/docs/drains),,production,main,MISS,middleware,/_middleware,www.staffordshirewoodfuels.co.uk,staffordshire-6diohmfiq-mailfoundry.vercel.app,dpl_BqZmMgBcQPGTJuXAod98WZ9BGGXX,5,iad1,343,2048,,prj_8iQOrGzJ1eJ6OttmZ8LMj00sqIqX,,,01M0HMX92002ZP3BFP2T445PKJ,oVMK1fk96FRs,1,,
2026-08-21 07:52:31,1787298751545,www.staffordshirewoodfuels.co.uk/api/log-drain,POST,,200,5kgbm-1787298751545-5ef97903b5c3,VercelDrain/1.0 (+https://vercel.com/docs/drains),,production,main,MISS,function,/api/log-drain,www.staffordshirewoodfuels.co.uk,staffordshire-6diohmfiq-mailfoundry.vercel.app,dpl_BqZmMgBcQPGTJuXAod98WZ9BGGXX,6,iad1,303,2048,,prj_8iQOrGzJ1eJ6OttmZ8LMj00sqIqX,,,01M0HMX92JZGNNFE2B4DDBVKJS,b0ntOOipQFsh,1,,
2026-08-21 07:52:31,1787298751489,www.staffordshirewoodfuels.co.uk/api/log-drain,POST,,200,wqx7c-1787298751489-dceb05221763,VercelDrain/1.0 (+https://vercel.com/docs/drains),,production,main,MISS,middleware,/_middleware,www.staffordshirewoodfuels.co.uk,staffordshire-6diohmfiq-mailfoundry.vercel.app,dpl_BqZmMgBcQPGTJuXAod98WZ9BGGXX,6,iad1,343,2048,,prj_8iQOrGzJ1eJ6OttmZ8LMj00sqIqX,,,01M0HMX90D8VQ61KSX7ZPRBRDQ,oVMK1fk96FRs,1,,
2026-08-21 07:52:31,1787298751489,www.staffordshirewoodfuels.co.uk/api/log-drain,POST,,200,wqx7c-1787298751489-dceb05221763,VercelDrain/1.0 (+https://vercel.com/docs/drains),,production,main,MISS,function,/api/log-drain,www.staffordshirewoodfuels.co.uk,staffordshire-6diohmfiq-mailfoundry.vercel.app,dpl_BqZmMgBcQPGTJuXAod98WZ9BGGXX,6,iad1,303,2048,,prj_8iQOrGzJ1eJ6OttmZ8LMj00sqIqX,,,01M0HMX910M7EWHMEAM3E2YV1E,b0ntOOipQFsh,1,,
2026-08-21 07:52:31,1787298751483,www.staffordshirewoodfuels.co.uk/api/log-drain,POST,,200,c9fnt-1787298751483-326567de2a48,VercelDrain/1.0 (+https://vercel.com/docs/drains),,production,main,MISS,middleware,/_middleware,www.staffordshirewoodfuels.co.uk,staffordshire-6diohmfiq-mailfoundry.vercel.app,dpl_BqZmMgBcQPGTJuXAod98WZ9BGGXX,13,iad1,342,2048,,prj_8iQOrGzJ1eJ6OttmZ8LMj00sqIqX,,,01M0HMX902EQCB5Y7CSX3HFYC6,jYwSUfQKo6zE,1,,
2026-08-21 07:52:31,1787298751483,www.staffordshirewoodfuels.co.uk/api/log-drain,POST,,200,c9fnt-1787298751483-326567de2a48,VercelDrain/1.0 (+https://vercel.com/docs/drains),,production,main,MISS,function,/api/log-drain,www.staffordshirewoodfuels.co.uk,staffordshire-6diohmfiq-mailfoundry.vercel.app,dpl_BqZmMgBcQPGTJuXAod98WZ9BGGXX,6,iad1,272,2048,,prj_8iQOrGzJ1eJ6OttmZ8LMj00sqIqX,,,01M0HMX90YRKTKPKKZQ7A4JFPM,BdZ1jMk8e3yz,1,,
2026-08-21 07:52:31,1787298751474,www.staffordshirewoodfuels.co.uk/api/log-drain,POST,,200,pfvnk-1787298751474-1231c385e13e,VercelDrain/1.0 (+https://vercel.com/docs/drains),,production,main,MISS,function,/api/log-drain,www.staffordshirewoodfuels.co.uk,staffordshire-6diohmfiq-mailfoundry.vercel.app,dpl_BqZmMgBcQPGTJuXAod98WZ9BGGXX,7,iad1,272,2048,,prj_8iQOrGzJ1eJ6OttmZ8LMj00sqIqX,,,01M0HMX90FQT6FZ2VX6JXSZF4K,BdZ1jMk8e3yz,1,,
2026-08-21 07:52:31,1787298751474,www.staffordshirewoodfuels.co.uk/api/log-drain,POST,,200,pfvnk-1787298751474-1231c385e13e,VercelDrain/1.0 (+https://vercel.com/docs/drains),,production,main,MISS,middleware,/_middleware,www.staffordshirewoodfuels.co.uk,staffordshire-6diohmfiq-mailfoundry.vercel.app,dpl_BqZmMgBcQPGTJuXAod98WZ9BGGXX,5,iad1,343,2048,,prj_8iQOrGzJ1eJ6OttmZ8LMj00sqIqX,,,01M0HMX8ZTT65YG9JH8E8ZF4VZ,oVMK1fk96FRs,1,,
2026-08-21 07:52:31,1787298751459,www.staffordshirewoodfuels.co.uk/api/log-drain,POST,,200,f5jxh-1787298751459-28a4a7d16410,VercelDrain/1.0 (+https://vercel.com/docs/drains),,production,main,MISS,function,/api/log-drain,www.staffordshirewoodfuels.co.uk,staffordshire-6diohmfiq-mailfoundry.vercel.app,dpl_BqZmMgBcQPGTJuXAod98WZ9BGGXX,5,iad1,303,2048,,prj_8iQOrGzJ1eJ6OttmZ8LMj00sqIqX,,,01M0HMX8ZT3B4NKB2AC41950X7,b0ntOOipQFsh,1,,
2026-08-21 07:52:31,1787298751459,www.staffordshirewoodfuels.co.uk/api/log-drain,POST,,200,f5jxh-1787298751459-28a4a7d16410,VercelDrain/1.0 (+https://vercel.com/docs/drains),,production,main,MISS,middleware,/_middleware,www.staffordshirewoodfuels.co.uk,staffordshire-6diohmfiq-mailfoundry.vercel.app,dpl_BqZmMgBcQPGTJuXAod98WZ9BGGXX,5,iad1,343,2048,,prj_8iQOrGzJ1eJ6OttmZ8LMj00sqIqX,,,01M0HMX8ZA99KKJS79Q740CYGB,oVMK1fk96FRs,1,,
2026-08-21 07:52:31,1787298751449,www.staffordshirewoodfuels.co.uk/api/log-drain,POST,,200,2prsq-1787298751449-5a13a8f90913,VercelDrain/1.0 (+https://vercel.com/docs/drains),,production,main,MISS,function,/api/log-drain,www.staffordshirewoodfuels.co.uk,staffordshire-6diohmfiq-mailfoundry.vercel.app,dpl_BqZmMgBcQPGTJuXAod98WZ9BGGXX,10,iad1,272,2048,,prj_8iQOrGzJ1eJ6OttmZ8LMj00sqIqX,,,01M0HMX8ZRFTYWESZH9ANYKFYH,BdZ1jMk8e3yz,1,,
2026-08-21 07:52:31,1787298751449,www.staffordshirewoodfuels.co.uk/api/log-drain,POST,,200,2prsq-1787298751449-5a13a8f90913,VercelDrain/1.0 (+https://vercel.com/docs/drains),,production,main,MISS,middleware,/_middleware,www.staffordshirewoodfuels.co.uk,staffordshire-6diohmfiq-mailfoundry.vercel.app,dpl_BqZmMgBcQPGTJuXAod98WZ9BGGXX,17,iad1,342,2048,,prj_8iQOrGzJ1eJ6OttmZ8LMj00sqIqX,,,01M0HMX8YW2M03H1DAXS5HGYM3,jYwSUfQKo6zE,1,,
2026-08-21 07:52:31,1787298751408,www.staffordshirewoodfuels.co.uk/api/log-drain,POST,,200,wnsvx-1787298751408-fcc1d3e14a17,VercelDrain/1.0 (+https://vercel.com/docs/drains),,production,main,MISS,function,/api/log-drain,www.staffordshirewoodfuels.co.uk,staffordshire-6diohmfiq-mailfoundry.vercel.app,dpl_BqZmMgBcQPGTJuXAod98WZ9BGGXX,5,iad1,303,2048,,prj_8iQOrGzJ1eJ6OttmZ8LMj00sqIqX,,,01M0HMX8YK6C6K9CPZNX5BE92S,b0ntOOipQFsh,1,,
2026-08-21 07:52:31,1787298751408,www.staffordshirewoodfuels.co.uk/api/log-drain,POST,,200,wnsvx-1787298751408-fcc1d3e14a17,VercelDrain/1.0 (+https://vercel.com/docs/drains),,production,main,MISS,middleware,/_middleware,www.staffordshirewoodfuels.co.uk,staffordshire-6diohmfiq-mailfoundry.vercel.app,dpl_BqZmMgBcQPGTJuXAod98WZ9BGGXX,6,iad1,342,2048,,prj_8iQOrGzJ1eJ6OttmZ8LMj00sqIqX,,,01M0HMX8XN2EABZB4XJ3JCN1YJ,jYwSUfQKo6zE,1,,
2026-08-21 07:52:31,1787298751391,www.staffordshirewoodfuels.co.uk/api/log-drain,POST,,200,s7wgq-1787298751391-b12c1370255c,VercelDrain/1.0 (+https://vercel.com/docs/drains),,production,main,MISS,function,/api/log-drain,www.staffordshirewoodfuels.co.uk,staffordshire-6diohmfiq-mailfoundry.vercel.app,dpl_BqZmMgBcQPGTJuXAod98WZ9BGGXX,6,iad1,272,2048,,prj_8iQOrGzJ1eJ6OttmZ8LMj00sqIqX,,,01M0HMX8YD210XHD3AC4JERB49,BdZ1jMk8e3yz,1,,
2026-08-21 07:52:31,1787298751391,www.staffordshirewoodfuels.co.uk/api/log-drain,POST,,200,s7wgq-1787298751391-b12c1370255c,VercelDrain/1.0 (+https://vercel.com/docs/drains),,production,main,MISS,middleware,/_middleware,www.staffordshirewoodfuels.co.uk,staffordshire-6diohmfiq-mailfoundry.vercel.app,dpl_BqZmMgBcQPGTJuXAod98WZ9BGGXX,6,iad1,342,2048,,prj_8iQOrGzJ1eJ6OttmZ8LMj00sqIqX,,,01M0HMX8XDE5NMWD0Z1G736VEZ,jYwSUfQKo6zE,1,,
2026-08-21 07:52:31,1787298751356,www.staffordshirewoodfuels.co.uk/api/log-drain,POST,,200,f2cgq-1787298751356-63a97ff646fc,VercelDrain/1.0 (+https://vercel.com/docs/drains),,production,main,MISS,middleware,/_middleware,www.staffordshirewoodfuels.co.uk,staffordshire-6diohmfiq-mailfoundry.vercel.app,dpl_BqZmMgBcQPGTJuXAod98WZ9BGGXX,6,iad1,342,2048,,prj_8iQOrGzJ1eJ6OttmZ8LMj00sqIqX,,,01M0HMX8W24S645MMG5K3KFYDV,jYwSUfQKo6zE,1,,
2026-08-21 07:52:31,1787298751356,www.staffordshirewoodfuels.co.uk/api/log-drain,POST,,200,f2cgq-1787298751356-63a97ff646fc,VercelDrain/1.0 (+https://vercel.com/docs/drains),,production,main,MISS,function,/api/log-drain,www.staffordshirewoodfuels.co.uk,staffordshire-6diohmfiq-mailfoundry.vercel.app,dpl_BqZmMgBcQPGTJuXAod98WZ9BGGXX,5,iad1,272,2048,,prj_8iQOrGzJ1eJ6OttmZ8LMj00sqIqX,,,01M0HMX8WPEERVNSK4TDENZ8TJ,BdZ1jMk8e3yz,1,,
2026-08-21 07:52:31,1787298751349,www.staffordshirewoodfuels.co.uk/api/log-drain,POST,,200,gc6hj-1787298751349-3c9d64638c98,VercelDrain/1.0 (+https://vercel.com/docs/drains),,production,main,MISS,middleware,/_middleware,www.staffordshirewoodfuels.co.uk,staffordshire-6diohmfiq-mailfoundry.vercel.app,dpl_BqZmMgBcQPGTJuXAod98WZ9BGGXX,6,iad1,352,2048,,prj_8iQOrGzJ1eJ6OttmZ8LMj00sqIqX,,,01M0HMX8VTH2EYZV3AKHH9QZDM,fMOyNr94GBGB,1,,
2026-08-21 07:52:31,1787298751349,www.staffordshirewoodfuels.co.uk/api/log-drain,POST,,200,gc6hj-1787298751349-3c9d64638c98,VercelDrain/1.0 (+https://vercel.com/docs/drains),,production,main,MISS,function,/api/log-drain,www.staffordshirewoodfuels.co.uk,staffordshire-6diohmfiq-mailfoundry.vercel.app,dpl_BqZmMgBcQPGTJuXAod98WZ9BGGXX,6,iad1,272,2048,,prj_8iQOrGzJ1eJ6OttmZ8LMj00sqIqX,,,01M0HMX8WA0PG0CY099A1ED5KX,BdZ1jMk8e3yz,1,,
2026-08-21 07:52:31,1787298751348,www.staffordshirewoodfuels.co.uk/api/log-drain,POST,,200,sxj7s-1787298751348-ed51d3b484fd,VercelDrain/1.0 (+https://vercel.com/docs/drains),,production,main,MISS,middleware,/_middleware,www.staffordshirewoodfuels.co.uk,staffordshire-6diohmfiq-mailfoundry.vercel.app,dpl_BqZmMgBcQPGTJuXAod98WZ9BGGXX,5,iad1,343,2048,,prj_8iQOrGzJ1eJ6OttmZ8LMj00sqIqX,,,01M0HMX8VVZXS6HCNAENE59MJE,oVMK1fk96FRs,1,,
2026-08-21 07:52:31,1787298751348,www.staffordshirewoodfuels.co.uk/api/log-drain,POST,,200,sxj7s-1787298751348-ed51d3b484fd,VercelDrain/1.0 (+https://vercel.com/docs/drains),,production,main,MISS,function,/api/log-drain,www.staffordshirewoodfuels.co.uk,staffordshire-6diohmfiq-mailfoundry.vercel.app,dpl_BqZmMgBcQPGTJuXAod98WZ9BGGXX,5,iad1,303,2048,,prj_8iQOrGzJ1eJ6OttmZ8LMj00sqIqX,,,01M0HMX8WDSPANR8TC2B0PXJK1,b0ntOOipQFsh,1,,
2026-08-21 07:52:31,1787298751317,www.staffordshirewoodfuels.co.uk/api/log-drain,POST,,200,r5hzg-1787298751317-c5d8471d4a33,VercelDrain/1.0 (+https://vercel.com/docs/drains),,production,main,MISS,middleware,/_middleware,www.staffordshirewoodfuels.co.uk,staffordshire-6diohmfiq-mailfoundry.vercel.app,dpl_BqZmMgBcQPGTJuXAod98WZ9BGGXX,5,iad1,352,2048,,prj_8iQOrGzJ1eJ6OttmZ8LMj00sqIqX,,,01M0HMX8TX5PBXFFKVR0PVDC37,fMOyNr94GBGB,1,,
2026-08-21 07:52:31,1787298751317,www.staffordshirewoodfuels.co.uk/api/log-drain,POST,,200,r5hzg-1787298751317-c5d8471d4a33,VercelDrain/1.0 (+https://vercel.com/docs/drains),,production,main,MISS,function,/api/log-drain,www.staffordshirewoodfuels.co.uk,staffordshire-6diohmfiq-mailfoundry.vercel.app,dpl_BqZmMgBcQPGTJuXAod98WZ9BGGXX,5,iad1,303,2048,,prj_8iQOrGzJ1eJ6OttmZ8LMj00sqIqX,,,01M0HMX8VD5HYBFWBF611DVAYM,b0ntOOipQFsh,1,,
2026-08-21 07:52:31,1787298751317,www.staffordshirewoodfuels.co.uk/api/log-drain,POST,,200,6szp2-1787298751317-8ae51cd0d64a,VercelDrain/1.0 (+https://vercel.com/docs/drains),,production,main,MISS,middleware,/_middleware,www.staffordshirewoodfuels.co.uk,staffordshire-6diohmfiq-mailfoundry.vercel.app,dpl_BqZmMgBcQPGTJuXAod98WZ9BGGXX,5,iad1,343,2048,,prj_8iQOrGzJ1eJ6OttmZ8LMj00sqIqX,,,01M0HMX8TWP3TSJZTZFR9TW5CC,oVMK1fk96FRs,1,,
2026-08-21 07:52:31,1787298751317,www.staffordshirewoodfuels.co.uk/api/log-drain,POST,,200,6szp2-1787298751317-8ae51cd0d64a,VercelDrain/1.0 (+https://vercel.com/docs/drains),,production,main,MISS,function,/api/log-drain,www.staffordshirewoodfuels.co.uk,staffordshire-6diohmfiq-mailfoundry.vercel.app,dpl_BqZmMgBcQPGTJuXAod98WZ9BGGXX,7,iad1,272,2048,,prj_8iQOrGzJ1eJ6OttmZ8LMj00sqIqX,,,01M0HMX8VC4KRMNKX7ZWR26D14,BdZ1jMk8e3yz,1,,
2026-08-21 07:52:31,1787298751303,www.staffordshirewoodfuels.co.uk/api/log-drain,POST,,200,jtfnv-1787298751303-885aa5857bcc,VercelDrain/1.0 (+https://vercel.com/docs/drains),,production,main,MISS,middleware,/_middleware,www.staffordshirewoodfuels.co.uk,staffordshire-6diohmfiq-mailfoundry.vercel.app,dpl_BqZmMgBcQPGTJuXAod98WZ9BGGXX,5,iad1,343,2048,,prj_8iQOrGzJ1eJ6OttmZ8LMj00sqIqX,,,01M0HMX8TDFX6QCWZ4J0WHBHB3,oVMK1fk96FRs,1,,
2026-08-21 07:52:31,1787298751303,www.staffordshirewoodfuels.co.uk/api/log-drain,POST,,200,jtfnv-1787298751303-885aa5857bcc,VercelDrain/1.0 (+https://vercel.com/docs/drains),,production,main,MISS,function,/api/log-drain,www.staffordshirewoodfuels.co.uk,staffordshire-6diohmfiq-mailfoundry.vercel.app,dpl_BqZmMgBcQPGTJuXAod98WZ9BGGXX,5,iad1,303,2048,,prj_8iQOrGzJ1eJ6OttmZ8LMj00sqIqX,,,01M0HMX8V39SFG7KN2K3KYJDSG,b0ntOOipQFsh,1,,
2026-08-21 07:52:31,1787298751289,www.staffordshirewoodfuels.co.uk/api/log-drain,POST,,200,6vwhm-1787298751289-86c03c3ba9f2,VercelDrain/1.0 (+https://vercel.com/docs/drains),,production,main,MISS,middleware,/_middleware,www.staffordshirewoodfuels.co.uk,staffordshire-6diohmfiq-mailfoundry.vercel.app,dpl_BqZmMgBcQPGTJuXAod98WZ9BGGXX,6,iad1,352,2048,,prj_8iQOrGzJ1eJ6OttmZ8LMj00sqIqX,,,01M0HMX8T2W4PPC2R2J91KNV9B,fMOyNr94GBGB,1,,
2026-08-21 07:52:31,1787298751289,www.staffordshirewoodfuels.co.uk/api/log-drain,POST,,200,6vwhm-1787298751289-86c03c3ba9f2,VercelDrain/1.0 (+https://vercel.com/docs/drains),,production,main,MISS,function,/api/log-drain,www.staffordshirewoodfuels.co.uk,staffordshire-6diohmfiq-mailfoundry.vercel.app,dpl_BqZmMgBcQPGTJuXAod98WZ9BGGXX,5,iad1,272,2048,,prj_8iQOrGzJ1eJ6OttmZ8LMj00sqIqX,,,01M0HMX8TTWBQHFBDAWPNSFRTY,BdZ1jMk8e3yz,1,,
2026-08-21 07:52:31,1787298751283,www.staffordshirewoodfuels.co.uk/api/log-drain,POST,,200,pl4zs-1787298751283-03c9799f3ddf,VercelDrain/1.0 (+https://vercel.com/docs/drains),,production,main,MISS,middleware,/_middleware,www.staffordshirewoodfuels.co.uk,staffordshire-6diohmfiq-mailfoundry.vercel.app,dpl_BqZmMgBcQPGTJuXAod98WZ9BGGXX,6,iad1,352,2048,,prj_8iQOrGzJ1eJ6OttmZ8LMj00sqIqX,,,01M0HMX8SQMKSVSYJZAQSDFY64,fMOyNr94GBGB,1,,
2026-08-21 07:52:31,1787298751283,www.staffordshirewoodfuels.co.uk/api/log-drain,POST,,200,pl4zs-1787298751283-03c9799f3ddf,VercelDrain/1.0 (+https://vercel.com/docs/drains),,production,main,MISS,function,/api/log-drain,www.staffordshirewoodfuels.co.uk,staffordshire-6diohmfiq-mailfoundry.vercel.app,dpl_BqZmMgBcQPGTJuXAod98WZ9BGGXX,6,iad1,272,2048,,prj_8iQOrGzJ1eJ6OttmZ8LMj00sqIqX,,,01M0HMX8THA7JG5Q83SD6A26XV,BdZ1jMk8e3yz,1,,
2026-08-21 07:52:31,1787298751232,www.staffordshirewoodfuels.co.uk/api/log-drain,POST,,200,xbbgm-1787298751232-5f1a062660ea,VercelDrain/1.0 (+https://vercel.com/docs/drains),,production,main,MISS,middleware,/_middleware,www.staffordshirewoodfuels.co.uk,staffordshire-6diohmfiq-mailfoundry.vercel.app,dpl_BqZmMgBcQPGTJuXAod98WZ9BGGXX,6,iad1,352,2048,,prj_8iQOrGzJ1eJ6OttmZ8LMj00sqIqX,,,01M0HMX8R77YAJZ9ZP8W979HET,fMOyNr94GBGB,1,,
2026-08-21 07:52:31,1787298751232,www.staffordshirewoodfuels.co.uk/api/log-drain,POST,,200,xbbgm-1787298751232-5f1a062660ea,VercelDrain/1.0 (+https://vercel.com/docs/drains),,production,main,MISS,function,/api/log-drain,www.staffordshirewoodfuels.co.uk,staffordshire-6diohmfiq-mailfoundry.vercel.app,dpl_BqZmMgBcQPGTJuXAod98WZ9BGGXX,6,iad1,272,2048,,prj_8iQOrGzJ1eJ6OttmZ8LMj00sqIqX,,,01M0HMX8RXHVY08GS6EC2304T5,BdZ1jMk8e3yz,1,,
2026-08-21 07:52:31,1787298751218,www.staffordshirewoodfuels.co.uk/api/log-drain,POST,,200,rkq2j-1787298751218-b92341c3ba65,VercelDrain/1.0 (+https://vercel.com/docs/drains),,production,main,MISS,middleware,/_middleware,www.staffordshirewoodfuels.co.uk,staffordshire-6diohmfiq-mailfoundry.vercel.app,dpl_BqZmMgBcQPGTJuXAod98WZ9BGGXX,6,iad1,352,2048,,prj_8iQOrGzJ1eJ6OttmZ8LMj00sqIqX,,,01M0HMX8QSXHB7X7GFQ5496T5A,fMOyNr94GBGB,1,,
2026-08-21 07:52:31,1787298751218,www.staffordshirewoodfuels.co.uk/api/log-drain,POST,,200,rkq2j-1787298751218-b92341c3ba65,VercelDrain/1.0 (+https://vercel.com/docs/drains),,production,main,MISS,function,/api/log-drain,www.staffordshirewoodfuels.co.uk,staffordshire-6diohmfiq-mailfoundry.vercel.app,dpl_BqZmMgBcQPGTJuXAod98WZ9BGGXX,5,iad1,272,2048,,prj_8iQOrGzJ1eJ6OttmZ8LMj00sqIqX,,,01M0HMX8R9A8W96EV0FN2VNPKT,BdZ1jMk8e3yz,1,,
2026-08-21 07:52:31,1787298751208,www.staffordshirewoodfuels.co.uk/api/log-drain,POST,,200,b4tlj-1787298751208-ae7734231d0e,VercelDrain/1.0 (+https://vercel.com/docs/drains),,production,main,MISS,middleware,/_middleware,www.staffordshirewoodfuels.co.uk,staffordshire-6diohmfiq-mailfoundry.vercel.app,dpl_BqZmMgBcQPGTJuXAod98WZ9BGGXX,5,iad1,343,2048,,prj_8iQOrGzJ1eJ6OttmZ8LMj00sqIqX,,,01M0HMX8QDH6SANRT803RQ4JGB,oVMK1fk96FRs,1,,
2026-08-21 07:52:31,1787298751208,www.staffordshirewoodfuels.co.uk/api/log-drain,POST,,200,b4tlj-1787298751208-ae7734231d0e,VercelDrain/1.0 (+https://vercel.com/docs/drains),,production,main,MISS,function,/api/log-drain,www.staffordshirewoodfuels.co.uk,staffordshire-6diohmfiq-mailfoundry.vercel.app,dpl_BqZmMgBcQPGTJuXAod98WZ9BGGXX,5,iad1,303,2048,,prj_8iQOrGzJ1eJ6OttmZ8LMj00sqIqX,,,01M0HMX8R0WSHZKHWES8961K88,b0ntOOipQFsh,1,,
2026-08-21 07:52:31,1787298751201,www.staffordshirewoodfuels.co.uk/api/log-drain,POST,,200,h4zqf-1787298751201-5c4cdddd6d42,VercelDrain/1.0 (+https://vercel.com/docs/drains),,production,main,MISS,middleware,/_middleware,www.staffordshirewoodfuels.co.uk,staffordshire-6diohmfiq-mailfoundry.vercel.app,dpl_BqZmMgBcQPGTJuXAod98WZ9BGGXX,5,iad1,352,2048,,prj_8iQOrGzJ1eJ6OttmZ8LMj00sqIqX,,,01M0HMX8QC2D4CMVW53200YC1S,fMOyNr94GBGB,1,,
2026-08-21 07:52:31,1787298751201,www.staffordshirewoodfuels.co.uk/api/log-drain,POST,,200,h4zqf-1787298751201-5c4cdddd6d42,VercelDrain/1.0 (+https://vercel.com/docs/drains),,production,main,MISS,function,/api/log-drain,www.staffordshirewoodfuels.co.uk,staffordshire-6diohmfiq-mailfoundry.vercel.app,dpl_BqZmMgBcQPGTJuXAod98WZ9BGGXX,6,iad1,272,2048,,prj_8iQOrGzJ1eJ6OttmZ8LMj00sqIqX,,,01M0HMX8QWZNGXTYZ1FPH9S3WA,BdZ1jMk8e3yz,1,,
2026-08-21 07:52:31,1787298751188,www.staffordshirewoodfuels.co.uk/api/log-drain,POST,,200,wnsvx-1787298751188-37f1ccf76ce5,VercelDrain/1.0 (+https://vercel.com/docs/drains),,production,main,MISS,middleware,/_middleware,www.staffordshirewoodfuels.co.uk,staffordshire-6diohmfiq-mailfoundry.vercel.app,dpl_BqZmMgBcQPGTJuXAod98WZ9BGGXX,6,iad1,352,2048,,prj_8iQOrGzJ1eJ6OttmZ8LMj00sqIqX,,,01M0HMX8PVZP9BEG1JRP4VESY8,fMOyNr94GBGB,1,,
2026-08-21 07:52:31,1787298751188,www.staffordshirewoodfuels.co.uk/api/log-drain,POST,,200,wnsvx-1787298751188-37f1ccf76ce5,VercelDrain/1.0 (+https://vercel.com/docs/drains),,production,main,MISS,function,/api/log-drain,www.staffordshirewoodfuels.co.uk,staffordshire-6diohmfiq-mailfoundry.vercel.app,dpl_BqZmMgBcQPGTJuXAod98WZ9BGGXX,7,iad1,272,2048,,prj_8iQOrGzJ1eJ6OttmZ8LMj00sqIqX,,,01M0HMX8QC2NSP55S11F7AQP8Q,BdZ1jMk8e3yz,1,,
2026-08-21 07:52:31,1787298751181,www.staffordshirewoodfuels.co.uk/api/log-drain,POST,,200,dkhxx-1787298751181-9f39d99d6193,VercelDrain/1.0 (+https://vercel.com/docs/drains),,production,main,MISS,middleware,/_middleware,www.staffordshirewoodfuels.co.uk,staffordshire-6diohmfiq-mailfoundry.vercel.app,dpl_BqZmMgBcQPGTJuXAod98WZ9BGGXX,5,iad1,343,2048,,prj_8iQOrGzJ1eJ6OttmZ8LMj00sqIqX,,,01M0HMX8PMPHZ1H9D59KTXGR35,oVMK1fk96FRs,1,,
2026-08-21 07:52:31,1787298751181,www.staffordshirewoodfuels.co.uk/api/log-drain,POST,,200,dkhxx-1787298751181-9f39d99d6193,VercelDrain/1.0 (+https://vercel.com/docs/drains),,production,main,MISS,function,/api/log-drain,www.staffordshirewoodfuels.co.uk,staffordshire-6diohmfiq-mailfoundry.vercel.app,dpl_BqZmMgBcQPGTJuXAod98WZ9BGGXX,6,iad1,320,2048,,prj_8iQOrGzJ1eJ6OttmZ8LMj00sqIqX,,,01M0HMX8QPW6PT6XW82AV3M27Q,qohtDSwBu4Gb,1,,
2026-08-21 07:52:31,1787298751178,www.staffordshirewoodfuels.co.uk/api/log-drain,POST,,200,9g99w-1787298751178-5775e09941ec,VercelDrain/1.0 (+https://vercel.com/docs/drains),,production,main,MISS,middleware,/_middleware,www.staffordshirewoodfuels.co.uk,staffordshire-6diohmfiq-mailfoundry.vercel.app,dpl_BqZmMgBcQPGTJuXAod98WZ9BGGXX,6,iad1,342,2048,,prj_8iQOrGzJ1eJ6OttmZ8LMj00sqIqX,,,01M0HMX8PJA6AEWHK5PNFNR15Z,jYwSUfQKo6zE,1,,
2026-08-21 07:52:31,1787298751178,www.staffordshirewoodfuels.co.uk/api/log-drain,POST,,200,9g99w-1787298751178-5775e09941ec,VercelDrain/1.0 (+https://vercel.com/docs/drains),,production,main,MISS,function,/api/log-drain,www.staffordshirewoodfuels.co.uk,staffordshire-6diohmfiq-mailfoundry.vercel.app,dpl_BqZmMgBcQPGTJuXAod98WZ9BGGXX,5,iad1,320,2048,,prj_8iQOrGzJ1eJ6OttmZ8LMj00sqIqX,,,01M0HMX8Q0BT83YXAXG2GNNNFS,qohtDSwBu4Gb,1,,
2026-08-21 07:52:31,1787298751165,www.staffordshirewoodfuels.co.uk/api/log-drain,POST,,200,x8z9t-1787298751165-04f2b6d165b4,VercelDrain/1.0 (+https://vercel.com/docs/drains),,production,main,MISS,middleware,/_middleware,www.staffordshirewoodfuels.co.uk,staffordshire-6diohmfiq-mailfoundry.vercel.app,dpl_BqZmMgBcQPGTJuXAod98WZ9BGGXX,6,iad1,342,2048,,prj_8iQOrGzJ1eJ6OttmZ8LMj00sqIqX,,,01M0HMX8P4X4EQB1JP042BK6YQ,jYwSUfQKo6zE,1,,
2026-08-21 07:52:31,1787298751165,www.staffordshirewoodfuels.co.uk/api/log-drain,POST,,200,x8z9t-1787298751165-04f2b6d165b4,VercelDrain/1.0 (+https://vercel.com/docs/drains),,production,main,MISS,function,/api/log-drain,www.staffordshirewoodfuels.co.uk,staffordshire-6diohmfiq-mailfoundry.vercel.app,dpl_BqZmMgBcQPGTJuXAod98WZ9BGGXX,5,iad1,320,2048,,prj_8iQOrGzJ1eJ6OttmZ8LMj00sqIqX,,,01M0HMX8PJJ5Y5YYFTAHDMF9Q6,qohtDSwBu4Gb,1,,
2026-08-21 07:52:31,1787298751134,www.staffordshirewoodfuels.co.uk/api/log-drain,POST,,200,dgkzc-1787298751134-0d5bd4cdf2d8,VercelDrain/1.0 (+https://vercel.com/docs/drains),,production,main,MISS,middleware,/_middleware,www.staffordshirewoodfuels.co.uk,staffordshire-6diohmfiq-mailfoundry.vercel.app,dpl_BqZmMgBcQPGTJuXAod98WZ9BGGXX,6,iad1,342,2048,,prj_8iQOrGzJ1eJ6OttmZ8LMj00sqIqX,,,01M0HMX8N8S1BZKD23QR1RPCNP,jYwSUfQKo6zE,1,,
2026-08-21 07:52:31,1787298751134,www.staffordshirewoodfuels.co.uk/api/log-drain,POST,,200,dgkzc-1787298751134-0d5bd4cdf2d8,VercelDrain/1.0 (+https://vercel.com/docs/drains),,production,main,MISS,function,/api/log-drain,www.staffordshirewoodfuels.co.uk,staffordshire-6diohmfiq-mailfoundry.vercel.app,dpl_BqZmMgBcQPGTJuXAod98WZ9BGGXX,6,iad1,320,2048,,prj_8iQOrGzJ1eJ6OttmZ8LMj00sqIqX,,,01M0HMX8NQQ441EK9C3H3TX6PF,qohtDSwBu4Gb,1,,
2026-08-21 07:52:31,1787298751130,www.staffordshirewoodfuels.co.uk/api/log-drain,POST,,200,57ljl-1787298751130-c0159f53f49e,VercelDrain/1.0 (+https://vercel.com/docs/drains),,production,main,MISS,middleware,/_middleware,www.staffordshirewoodfuels.co.uk,staffordshire-6diohmfiq-mailfoundry.vercel.app,dpl_BqZmMgBcQPGTJuXAod98WZ9BGGXX,5,iad1,343,2048,,prj_8iQOrGzJ1eJ6OttmZ8LMj00sqIqX,,,01M0HMX8MZW9CDMMJCE61PYZ4S,oVMK1fk96FRs,1,,
2026-08-21 07:52:31,1787298751130,www.staffordshirewoodfuels.co.uk/api/log-drain,POST,,200,57ljl-1787298751130-c0159f53f49e,VercelDrain/1.0 (+https://vercel.com/docs/drains),,production,main,MISS,function,/api/log-drain,www.staffordshirewoodfuels.co.uk,staffordshire-6diohmfiq-mailfoundry.vercel.app,dpl_BqZmMgBcQPGTJuXAod98WZ9BGGXX,6,iad1,272,2048,,prj_8iQOrGzJ1eJ6OttmZ8LMj00sqIqX,,,01M0HMX8NBY7SQABJGHE5NRQP2,BdZ1jMk8e3yz,1,,
2026-08-21 07:52:31,1787298751125,www.staffordshirewoodfuels.co.uk/api/log-drain,POST,,200,cldqn-1787298751125-48c13938c7fa,VercelDrain/1.0 (+https://vercel.com/docs/drains),,production,main,MISS,middleware,/_middleware,www.staffordshirewoodfuels.co.uk,staffordshire-6diohmfiq-mailfoundry.vercel.app,dpl_BqZmMgBcQPGTJuXAod98WZ9BGGXX,5,iad1,352,2048,,prj_8iQOrGzJ1eJ6OttmZ8LMj00sqIqX,,,01M0HMX8MX595YV5J6Y7YZ6375,fMOyNr94GBGB,1,,
2026-08-21 07:52:31,1787298751125,www.staffordshirewoodfuels.co.uk/api/log-drain,POST,,200,cldqn-1787298751125-48c13938c7fa,VercelDrain/1.0 (+https://vercel.com/docs/drains),,production,main,MISS,function,/api/log-drain,www.staffordshirewoodfuels.co.uk,staffordshire-6diohmfiq-mailfoundry.vercel.app,dpl_BqZmMgBcQPGTJuXAod98WZ9BGGXX,7,iad1,303,2048,,prj_8iQOrGzJ1eJ6OttmZ8LMj00sqIqX,,,01M0HMX8NBFJAC40AKTE9JRP1M,b0ntOOipQFsh,1,,
2026-08-21 07:52:31,1787298751121,www.staffordshirewoodfuels.co.uk/api/log-drain,POST,,200,f7gxz-1787298751121-321d42941f37,VercelDrain/1.0 (+https://vercel.com/docs/drains),,production,main,MISS,middleware,/_middleware,www.staffordshirewoodfuels.co.uk,staffordshire-6diohmfiq-mailfoundry.vercel.app,dpl_BqZmMgBcQPGTJuXAod98WZ9BGGXX,6,iad1,342,2048,,prj_8iQOrGzJ1eJ6OttmZ8LMj00sqIqX,,,01M0HMX8MSQ1ZJMRM9FJ7CV7C2,jYwSUfQKo6zE,1,,
2026-08-21 07:52:31,1787298751121,www.staffordshirewoodfuels.co.uk/api/log-drain,POST,,200,f7gxz-1787298751121-321d42941f37,VercelDrain/1.0 (+https://vercel.com/docs/drains),,production,main,MISS,function,/api/log-drain,www.staffordshirewoodfuels.co.uk,staffordshire-6diohmfiq-mailfoundry.vercel.app,dpl_BqZmMgBcQPGTJuXAod98WZ9BGGXX,6,iad1,320,2048,,prj_8iQOrGzJ1eJ6OttmZ8LMj00sqIqX,,,01M0HMX8N8SQ3KYG3B4FDFGB55,qohtDSwBu4Gb,1,,
2026-08-21 07:52:31,1787298751103,www.staffordshirewoodfuels.co.uk/api/log-drain,POST,,200,vh2kf-1787298751103-ee478ea3d350,VercelDrain/1.0 (+https://vercel.com/docs/drains),,production,main,MISS,middleware,/_middleware,www.staffordshirewoodfuels.co.uk,staffordshire-6diohmfiq-mailfoundry.vercel.app,dpl_BqZmMgBcQPGTJuXAod98WZ9BGGXX,6,iad1,342,2048,,prj_8iQOrGzJ1eJ6OttmZ8LMj00sqIqX,,,01M0HMX8M604R7FPDVVBP7X6KX,jYwSUfQKo6zE,1,,
2026-08-21 07:52:31,1787298751103,www.staffordshirewoodfuels.co.uk/api/log-drain,POST,,200,vh2kf-1787298751103-ee478ea3d350,VercelDrain/1.0 (+https://vercel.com/docs/drains),,production,main,MISS,function,/api/log-drain,www.staffordshirewoodfuels.co.uk,staffordshire-6diohmfiq-mailfoundry.vercel.app,dpl_BqZmMgBcQPGTJuXAod98WZ9BGGXX,6,iad1,320,2048,,prj_8iQOrGzJ1eJ6OttmZ8LMj00sqIqX,,,01M0HMX8MMK4GYK17KYD9R68C3,qohtDSwBu4Gb,1,,
2026-08-21 07:52:31,1787298751079,www.staffordshirewoodfuels.co.uk/api/log-drain,POST,,200,7w79p-1787298751079-eef1949974b9,VercelDrain/1.0 (+https://vercel.com/docs/drains),,production,main,MISS,middleware,/_middleware,www.staffordshirewoodfuels.co.uk,staffordshire-6diohmfiq-mailfoundry.vercel.app,dpl_BqZmMgBcQPGTJuXAod98WZ9BGGXX,7,iad1,342,2048,,prj_8iQOrGzJ1eJ6OttmZ8LMj00sqIqX,,,01M0HMX8KEDQNZ14Z9TWV60G2T,jYwSUfQKo6zE,1,,
2026-08-21 07:52:31,1787298751079,www.staffordshirewoodfuels.co.uk/api/log-drain,POST,,200,7w79p-1787298751079-eef1949974b9,VercelDrain/1.0 (+https://vercel.com/docs/drains),,production,main,MISS,function,/api/log-drain,www.staffordshirewoodfuels.co.uk,staffordshire-6diohmfiq-mailfoundry.vercel.app,dpl_BqZmMgBcQPGTJuXAod98WZ9BGGXX,5,iad1,320,2048,,prj_8iQOrGzJ1eJ6OttmZ8LMj00sqIqX,,,01M0HMX8KZCB15M26504X0XV9X,qohtDSwBu4Gb,1,,
2026-08-21 07:52:31,1787298751061,www.staffordshirewoodfuels.co.uk/api/log-drain,POST,,200,rkq2j-1787298751061-dcf31d084d86,VercelDrain/1.0 (+https://vercel.com/docs/drains),,production,main,MISS,middleware,/_middleware,www.staffordshirewoodfuels.co.uk,staffordshire-6diohmfiq-mailfoundry.vercel.app,dpl_BqZmMgBcQPGTJuXAod98WZ9BGGXX,7,iad1,342,2048,,prj_8iQOrGzJ1eJ6OttmZ8LMj00sqIqX,,,01M0HMX8JWNTHBPFPR4XRBH247,jYwSUfQKo6zE,1,,
2026-08-21 07:52:31,1787298751061,www.staffordshirewoodfuels.co.uk/api/log-drain,POST,,200,rkq2j-1787298751061-dcf31d084d86,VercelDrain/1.0 (+https://vercel.com/docs/drains),,production,main,MISS,function,/api/log-drain,www.staffordshirewoodfuels.co.uk,staffordshire-6diohmfiq-mailfoundry.vercel.app,dpl_BqZmMgBcQPGTJuXAod98WZ9BGGXX,6,iad1,320,2048,,prj_8iQOrGzJ1eJ6OttmZ8LMj00sqIqX,,,01M0HMX8KE0E6BPACSSH4039EE,qohtDSwBu4Gb,1,,
2026-08-21 07:52:31,1787298751045,www.staffordshirewoodfuels.co.uk/api/log-drain,POST,,200,b5wd8-1787298751045-ce0d4ad02453,VercelDrain/1.0 (+https://vercel.com/docs/drains),,production,main,MISS,middleware,/_middleware,www.staffordshirewoodfuels.co.uk,staffordshire-6diohmfiq-mailfoundry.vercel.app,dpl_BqZmMgBcQPGTJuXAod98WZ9BGGXX,6,iad1,342,2048,,prj_8iQOrGzJ1eJ6OttmZ8LMj00sqIqX,,,01M0HMX8JC8B8JY169S657FRG1,jYwSUfQKo6zE,1,,
2026-08-21 07:52:31,1787298751045,www.staffordshirewoodfuels.co.uk/api/log-drain,POST,,200,b5wd8-1787298751045-ce0d4ad02453,VercelDrain/1.0 (+https://vercel.com/docs/drains),,production,main,MISS,function,/api/log-drain,www.staffordshirewoodfuels.co.uk,staffordshire-6diohmfiq-mailfoundry.vercel.app,dpl_BqZmMgBcQPGTJuXAod98WZ9BGGXX,6,iad1,320,2048,,prj_8iQOrGzJ1eJ6OttmZ8LMj00sqIqX,,,01M0HMX8JVCGQV4G1ANJ2SGV4Y,qohtDSwBu4Gb,1,,
2026-08-21 07:52:31,1787298751035,www.staffordshirewoodfuels.co.uk/api/log-drain,POST,,200,xvvk8-1787298751035-1105adb6dd82,VercelDrain/1.0 (+https://vercel.com/docs/drains),,production,main,MISS,middleware,/_middleware,www.staffordshirewoodfuels.co.uk,staffordshire-6diohmfiq-mailfoundry.vercel.app,dpl_BqZmMgBcQPGTJuXAod98WZ9BGGXX,6,iad1,342,2048,,prj_8iQOrGzJ1eJ6OttmZ8LMj00sqIqX,,,01M0HMX8HYB3EWVRSXG9Y3M2AG,jYwSUfQKo6zE,1,,
2026-08-21 07:52:31,1787298751035,www.staffordshirewoodfuels.co.uk/api/log-drain,POST,,200,xvvk8-1787298751035-1105adb6dd82,VercelDrain/1.0 (+https://vercel.com/docs/drains),,production,main,MISS,function,/api/log-drain,www.staffordshirewoodfuels.co.uk,staffordshire-6diohmfiq-mailfoundry.vercel.app,dpl_BqZmMgBcQPGTJuXAod98WZ9BGGXX,6,iad1,320,2048,,prj_8iQOrGzJ1eJ6OttmZ8LMj00sqIqX,,,01M0HMX8JF5Z2E0YV5F47YGTKN,qohtDSwBu4Gb,1,,
2026-08-21 07:52:31,1787298751024,www.staffordshirewoodfuels.co.uk/api/log-drain,POST,,200,sbxdz-1787298751024-e2d3818bd9fb,VercelDrain/1.0 (+https://vercel.com/docs/drains),,production,main,MISS,middleware,/_middleware,www.staffordshirewoodfuels.co.uk,staffordshire-6diohmfiq-mailfoundry.vercel.app,dpl_BqZmMgBcQPGTJuXAod98WZ9BGGXX,6,iad1,352,2048,,prj_8iQOrGzJ1eJ6OttmZ8LMj00sqIqX,,,01M0HMX8HRZMPG6XG532AJY8CY,fMOyNr94GBGB,1,,
2026-08-21 07:52:31,1787298751024,www.staffordshirewoodfuels.co.uk/api/log-drain,POST,,200,sbxdz-1787298751024-e2d3818bd9fb,VercelDrain/1.0 (+https://vercel.com/docs/drains),,production,main,MISS,function,/api/log-drain,www.staffordshirewoodfuels.co.uk,staffordshire-6diohmfiq-mailfoundry.vercel.app,dpl_BqZmMgBcQPGTJuXAod98WZ9BGGXX,5,iad1,303,2048,,prj_8iQOrGzJ1eJ6OttmZ8LMj00sqIqX,,,01M0HMX8J8S2ZPXYP9XGD4AAAC,b0ntOOipQFsh,1,,
2026-08-21 07:52:31,1787298751000,www.staffordshirewoodfuels.co.uk/api/log-drain,POST,,200,dctsn-1787298751000-e9c1d37c9c00,VercelDrain/1.0 (+https://vercel.com/docs/drains),,production,main,MISS,middleware,/_middleware,www.staffordshirewoodfuels.co.uk,staffordshire-6diohmfiq-mailfoundry.vercel.app,dpl_BqZmMgBcQPGTJuXAod98WZ9BGGXX,6,iad1,352,2048,,prj_8iQOrGzJ1eJ6OttmZ8LMj00sqIqX,,,01M0HMX8H09ZCV63RXJNVJREK1,fMOyNr94GBGB,1,,
2026-08-21 07:52:31,1787298751000,www.staffordshirewoodfuels.co.uk/api/log-drain,POST,,200,dctsn-1787298751000-e9c1d37c9c00,VercelDrain/1.0 (+https://vercel.com/docs/drains),,production,main,MISS,function,/api/log-drain,www.staffordshirewoodfuels.co.uk,staffordshire-6diohmfiq-mailfoundry.vercel.app,dpl_BqZmMgBcQPGTJuXAod98WZ9BGGXX,5,iad1,303,2048,,prj_8iQOrGzJ1eJ6OttmZ8LMj00sqIqX,,,01M0HMX8HG6W1N28PWWG7Y2HJG,b0ntOOipQFsh,1,,
2026-08-21 07:52:30,1787298750994,www.staffordshirewoodfuels.co.uk/api/log-drain,POST,,200,wll8v-1787298750994-e22597c670d4,VercelDrain/1.0 (+https://vercel.com/docs/drains),,production,main,MISS,middleware,/_middleware,www.staffordshirewoodfuels.co.uk,staffordshire-6diohmfiq-mailfoundry.vercel.app,dpl_BqZmMgBcQPGTJuXAod98WZ9BGGXX,6,iad1,342,2048,,prj_8iQOrGzJ1eJ6OttmZ8LMj00sqIqX,,,01M0HMX8GSG1MKDPYDPWM9QNVF,jYwSUfQKo6zE,1,,
2026-08-21 07:52:30,1787298750994,www.staffordshirewoodfuels.co.uk/api/log-drain,POST,,200,wll8v-1787298750994-e22597c670d4,VercelDrain/1.0 (+https://vercel.com/docs/drains),,production,main,MISS,function,/api/log-drain,www.staffordshirewoodfuels.co.uk,staffordshire-6diohmfiq-mailfoundry.vercel.app,dpl_BqZmMgBcQPGTJuXAod98WZ9BGGXX,6,iad1,320,2048,,prj_8iQOrGzJ1eJ6OttmZ8LMj00sqIqX,,,01M0HMX8H9572V9VV7E370MT02,qohtDSwBu4Gb,1,,
2026-08-21 07:52:30,1787298750980,www.staffordshirewoodfuels.co.uk/api/log-drain,POST,,200,tz6px-1787298750980-20f44333c347,VercelDrain/1.0 (+https://vercel.com/docs/drains),,production,main,MISS,middleware,/_middleware,www.staffordshirewoodfuels.co.uk,staffordshire-6diohmfiq-mailfoundry.vercel.app,dpl_BqZmMgBcQPGTJuXAod98WZ9BGGXX,6,iad1,342,2048,,prj_8iQOrGzJ1eJ6OttmZ8LMj00sqIqX,,,01M0HMX8G8W8SFB6WC3CVAXT40,jYwSUfQKo6zE,1,,
2026-08-21 07:52:30,1787298750980,www.staffordshirewoodfuels.co.uk/api/log-drain,POST,,200,tz6px-1787298750980-20f44333c347,VercelDrain/1.0 (+https://vercel.com/docs/drains),,production,main,MISS,function,/api/log-drain,www.staffordshirewoodfuels.co.uk,staffordshire-6diohmfiq-mailfoundry.vercel.app,dpl_BqZmMgBcQPGTJuXAod98WZ9BGGXX,5,iad1,303,2048,,prj_8iQOrGzJ1eJ6OttmZ8LMj00sqIqX,,,01M0HMX8GRDADSKW8H3KFQ7CN8,b0ntOOipQFsh,1,,
2026-08-21 07:52:30,1787298750962,www.staffordshirewoodfuels.co.uk/api/log-drain,POST,,200,qxqrq-1787298750962-46663b0c8e9a,VercelDrain/1.0 (+https://vercel.com/docs/drains),,production,main,MISS,middleware,/_middleware,www.staffordshirewoodfuels.co.uk,staffordshire-6diohmfiq-mailfoundry.vercel.app,dpl_BqZmMgBcQPGTJuXAod98WZ9BGGXX,6,iad1,352,2048,,prj_8iQOrGzJ1eJ6OttmZ8LMj00sqIqX,,,01M0HMX8G3KK3W4QV19BVKD6BT,fMOyNr94GBGB,1,,
2026-08-21 07:52:30,1787298750962,www.staffordshirewoodfuels.co.uk/api/log-drain,POST,,200,qxqrq-1787298750962-46663b0c8e9a,VercelDrain/1.0 (+https://vercel.com/docs/drains),,production,main,MISS,function,/api/log-drain,www.staffordshirewoodfuels.co.uk,staffordshire-6diohmfiq-mailfoundry.vercel.app,dpl_BqZmMgBcQPGTJuXAod98WZ9BGGXX,6,iad1,320,2048,,prj_8iQOrGzJ1eJ6OttmZ8LMj00sqIqX,,,01M0HMX8GP4GMY4PH80863XG7R,qohtDSwBu4Gb,1,,
2026-08-21 07:52:30,1787298750945,www.staffordshirewoodfuels.co.uk/api/log-drain,POST,,200,zz6mr-1787298750945-c3d887c87b64,VercelDrain/1.0 (+https://vercel.com/docs/drains),,production,main,MISS,middleware,/_middleware,www.staffordshirewoodfuels.co.uk,staffordshire-6diohmfiq-mailfoundry.vercel.app,dpl_BqZmMgBcQPGTJuXAod98WZ9BGGXX,6,iad1,352,2048,,prj_8iQOrGzJ1eJ6OttmZ8LMj00sqIqX,,,01M0HMX8FHYEQ3QZ7Z3H3KNN4H,fMOyNr94GBGB,1,,
2026-08-21 07:52:30,1787298750945,www.staffordshirewoodfuels.co.uk/api/log-drain,POST,,200,zz6mr-1787298750945-c3d887c87b64,VercelDrain/1.0 (+https://vercel.com/docs/drains),,production,main,MISS,function,/api/log-drain,www.staffordshirewoodfuels.co.uk,staffordshire-6diohmfiq-mailfoundry.vercel.app,dpl_BqZmMgBcQPGTJuXAod98WZ9BGGXX,6,iad1,320,2048,,prj_8iQOrGzJ1eJ6OttmZ8LMj00sqIqX,,,01M0HMX8G21C4XQQDD30DXW1FP,qohtDSwBu4Gb,1,,
2026-08-21 07:52:30,1787298750944,www.staffordshirewoodfuels.co.uk/api/log-drain,POST,,200,dn2bs-1787298750944-8caba8ee986a,VercelDrain/1.0 (+https://vercel.com/docs/drains),,production,main,MISS,middleware,/_middleware,www.staffordshirewoodfuels.co.uk,staffordshire-6diohmfiq-mailfoundry.vercel.app,dpl_BqZmMgBcQPGTJuXAod98WZ9BGGXX,6,iad1,342,2048,,prj_8iQOrGzJ1eJ6OttmZ8LMj00sqIqX,,,01M0HMX8FD3B1FHZNSPTTQD0XF,jYwSUfQKo6zE,1,,
2026-08-21 07:52:30,1787298750944,www.staffordshirewoodfuels.co.uk/api/log-drain,POST,,200,dn2bs-1787298750944-8caba8ee986a,VercelDrain/1.0 (+https://vercel.com/docs/drains),,production,main,MISS,function,/api/log-drain,www.staffordshirewoodfuels.co.uk,staffordshire-6diohmfiq-mailfoundry.vercel.app,dpl_BqZmMgBcQPGTJuXAod98WZ9BGGXX,5,iad1,302,2048,,prj_8iQOrGzJ1eJ6OttmZ8LMj00sqIqX,,,01M0HMX8FYJ9J3Y27Q7XAQ9EGM,b0ntOOipQFsh,1,,
2026-08-21 07:52:30,1787298750940,www.staffordshirewoodfuels.co.uk/api/log-drain,POST,,200,9j656-1787298750940-4e55d8b1dc97,VercelDrain/1.0 (+https://vercel.com/docs/drains),,production,main,MISS,middleware,/_middleware,www.staffordshirewoodfuels.co.uk,staffordshire-6diohmfiq-mailfoundry.vercel.app,dpl_BqZmMgBcQPGTJuXAod98WZ9BGGXX,5,iad1,343,2048,,prj_8iQOrGzJ1eJ6OttmZ8LMj00sqIqX,,,01M0HMX8F0GNFJ2FB6RA0JNK20,oVMK1fk96FRs,1,,
2026-08-21 07:52:30,1787298750940,www.staffordshirewoodfuels.co.uk/api/log-drain,POST,,200,9j656-1787298750940-4e55d8b1dc97,VercelDrain/1.0 (+https://vercel.com/docs/drains),,production,main,MISS,function,/api/log-drain,www.staffordshirewoodfuels.co.uk,staffordshire-6diohmfiq-mailfoundry.vercel.app,dpl_BqZmMgBcQPGTJuXAod98WZ9BGGXX,6,iad1,272,2048,,prj_8iQOrGzJ1eJ6OttmZ8LMj00sqIqX,,,01M0HMX8FFKMAHAQSKJ5YVHSXD,BdZ1jMk8e3yz,1,,
2026-08-21 07:52:30,1787298750939,www.staffordshirewoodfuels.co.uk/api/log-drain,POST,,200,mbjg9-1787298750939-f09f54298fa1,VercelDrain/1.0 (+https://vercel.com/docs/drains),,production,main,MISS,middleware,/_middleware,www.staffordshirewoodfuels.co.uk,staffordshire-6diohmfiq-mailfoundry.vercel.app,dpl_BqZmMgBcQPGTJuXAod98WZ9BGGXX,6,iad1,352,2048,,prj_8iQOrGzJ1eJ6OttmZ8LMj00sqIqX,,,01M0HMX8F2Y9ECRH00ENB8TCV7,fMOyNr94GBGB,1,,
2026-08-21 07:52:30,1787298750939,www.staffordshirewoodfuels.co.uk/api/log-drain,POST,,200,mbjg9-1787298750939-f09f54298fa1,VercelDrain/1.0 (+https://vercel.com/docs/drains),,production,main,MISS,function,/api/log-drain,www.staffordshirewoodfuels.co.uk,staffordshire-6diohmfiq-mailfoundry.vercel.app,dpl_BqZmMgBcQPGTJuXAod98WZ9BGGXX,6,iad1,302,2048,,prj_8iQOrGzJ1eJ6OttmZ8LMj00sqIqX,,,01M0HMX8FGC5BXQC2EYF4MS56J,b0ntOOipQFsh,1,,
2026-08-21 07:52:30,1787298750922,www.staffordshirewoodfuels.co.uk/api/log-drain,POST,,200,xhbkf-1787298750922-e53230bfeed8,VercelDrain/1.0 (+https://vercel.com/docs/drains),,production,main,MISS,middleware,/_middleware,www.staffordshirewoodfuels.co.uk,staffordshire-6diohmfiq-mailfoundry.vercel.app,dpl_BqZmMgBcQPGTJuXAod98WZ9BGGXX,6,iad1,342,2048,,prj_8iQOrGzJ1eJ6OttmZ8LMj00sqIqX,,,01M0HMX8EZN4NPV46V6GJW1353,jYwSUfQKo6zE,1,,
2026-08-21 07:52:30,1787298750922,www.staffordshirewoodfuels.co.uk/api/log-drain,POST,,200,xhbkf-1787298750922-e53230bfeed8,VercelDrain/1.0 (+https://vercel.com/docs/drains),,production,main,MISS,function,/api/log-drain,www.staffordshirewoodfuels.co.uk,staffordshire-6diohmfiq-mailfoundry.vercel.app,dpl_BqZmMgBcQPGTJuXAod98WZ9BGGXX,7,iad1,320,2048,,prj_8iQOrGzJ1eJ6OttmZ8LMj00sqIqX,,,01M0HMX8FHSBHGA83RVKTJGKMJ,qohtDSwBu4Gb,1,,
2026-08-21 07:52:30,1787298750919,www.staffordshirewoodfuels.co.uk/api/log-drain,POST,,200,sj2h8-1787298750919-824bc6a509dd,VercelDrain/1.0 (+https://vercel.com/docs/drains),,production,main,MISS,middleware,/_middleware,www.staffordshirewoodfuels.co.uk,staffordshire-6diohmfiq-mailfoundry.vercel.app,dpl_BqZmMgBcQPGTJuXAod98WZ9BGGXX,5,iad1,339,2048,,prj_8iQOrGzJ1eJ6OttmZ8LMj00sqIqX,,,01M0HMX8EMVDY6BN4KSB2D0288,0wS2QYpHHVTK,1,,
2026-08-21 07:52:30,1787298750919,www.staffordshirewoodfuels.co.uk/api/log-drain,POST,,200,sj2h8-1787298750919-824bc6a509dd,VercelDrain/1.0 (+https://vercel.com/docs/drains),,production,main,MISS,function,/api/log-drain,www.staffordshirewoodfuels.co.uk,staffordshire-6diohmfiq-mailfoundry.vercel.app,dpl_BqZmMgBcQPGTJuXAod98WZ9BGGXX,6,iad1,371,2048,,prj_8iQOrGzJ1eJ6OttmZ8LMj00sqIqX,,,01M0HMX8F951Q2DFB2HGKGFPN5,ixQP0En4HAtx,1,,
2026-08-21 07:52:30,1787298750910,www.staffordshirewoodfuels.co.uk/api/log-drain,POST,,200,bk7sb-1787298750910-a72d1940796f,VercelDrain/1.0 (+https://vercel.com/docs/drains),,production,main,MISS,middleware,/_middleware,www.staffordshirewoodfuels.co.uk,staffordshire-6diohmfiq-mailfoundry.vercel.app,dpl_BqZmMgBcQPGTJuXAod98WZ9BGGXX,5,iad1,339,2048,,prj_8iQOrGzJ1eJ6OttmZ8LMj00sqIqX,,,01M0HMX8E6GMEJHCNKPEWYRWM9,0wS2QYpHHVTK,1,,
2026-08-21 07:52:30,1787298750910,www.staffordshirewoodfuels.co.uk/api/log-drain,POST,,200,bk7sb-1787298750910-a72d1940796f,VercelDrain/1.0 (+https://vercel.com/docs/drains),,production,main,MISS,function,/api/log-drain,www.staffordshirewoodfuels.co.uk,staffordshire-6diohmfiq-mailfoundry.vercel.app,dpl_BqZmMgBcQPGTJuXAod98WZ9BGGXX,6,iad1,371,2048,,prj_8iQOrGzJ1eJ6OttmZ8LMj00sqIqX,,,01M0HMX8EMSVNTVHYFPHC19FCN,ixQP0En4HAtx,1,,
2026-08-21 07:52:30,1787298750896,www.staffordshirewoodfuels.co.uk/api/log-drain,POST,,200,7596s-1787298750896-80772faf120f,VercelDrain/1.0 (+https://vercel.com/docs/drains),,production,main,MISS,function,/api/log-drain,www.staffordshirewoodfuels.co.uk,staffordshire-6diohmfiq-mailfoundry.vercel.app,dpl_BqZmMgBcQPGTJuXAod98WZ9BGGXX,5,iad1,371,2048,,prj_8iQOrGzJ1eJ6OttmZ8LMj00sqIqX,,,01M0HMX8E6CTFWQ9JT6MQRHVSH,ixQP0En4HAtx,1,,
2026-08-21 07:52:30,1787298750896,www.staffordshirewoodfuels.co.uk/api/log-drain,POST,,200,7596s-1787298750896-80772faf120f,VercelDrain/1.0 (+https://vercel.com/docs/drains),,production,main,MISS,middleware,/_middleware,www.staffordshirewoodfuels.co.uk,staffordshire-6diohmfiq-mailfoundry.vercel.app,dpl_BqZmMgBcQPGTJuXAod98WZ9BGGXX,4,iad1,339,2048,,prj_8iQOrGzJ1eJ6OttmZ8LMj00sqIqX,,,01M0HMX8DQ4ACZRD30EJDPHEZ5,0wS2QYpHHVTK,1,,
2026-08-21 07:52:30,1787298750885,www.staffordshirewoodfuels.co.uk/api/log-drain,POST,,200,w82vk-1787298750885-5db987a26524,VercelDrain/1.0 (+https://vercel.com/docs/drains),,production,main,MISS,function,/api/log-drain,www.staffordshirewoodfuels.co.uk,staffordshire-6diohmfiq-mailfoundry.vercel.app,dpl_BqZmMgBcQPGTJuXAod98WZ9BGGXX,5,iad1,272,2048,,prj_8iQOrGzJ1eJ6OttmZ8LMj00sqIqX,,,01M0HMX8DWJHQ4TJCHG6X0B0NN,BdZ1jMk8e3yz,1,,
2026-08-21 07:52:30,1787298750885,www.staffordshirewoodfuels.co.uk/api/log-drain,POST,,200,w82vk-1787298750885-5db987a26524,VercelDrain/1.0 (+https://vercel.com/docs/drains),,production,main,MISS,middleware,/_middleware,www.staffordshirewoodfuels.co.uk,staffordshire-6diohmfiq-mailfoundry.vercel.app,dpl_BqZmMgBcQPGTJuXAod98WZ9BGGXX,6,iad1,342,2048,,prj_8iQOrGzJ1eJ6OttmZ8LMj00sqIqX,,,01M0HMX8DCV35YEDGTGHJJZDPD,jYwSUfQKo6zE,1,,
2026-08-21 07:52:30,1787298750878,www.staffordshirewoodfuels.co.uk/api/log-drain,POST,,200,p27c6-1787298750878-fbff0bfc7867,VercelDrain/1.0 (+https://vercel.com/docs/drains),,production,main,MISS,function,/api/log-drain,www.staffordshirewoodfuels.co.uk,staffordshire-6diohmfiq-mailfoundry.vercel.app,dpl_BqZmMgBcQPGTJuXAod98WZ9BGGXX,5,iad1,371,2048,,prj_8iQOrGzJ1eJ6OttmZ8LMj00sqIqX,,,01M0HMX8DNEHZNAAJAHVJBV8TH,ixQP0En4HAtx,1,,
2026-08-21 07:52:30,1787298750878,www.staffordshirewoodfuels.co.uk/api/log-drain,POST,,200,p27c6-1787298750878-fbff0bfc7867,VercelDrain/1.0 (+https://vercel.com/docs/drains),,production,main,MISS,middleware,/_middleware,www.staffordshirewoodfuels.co.uk,staffordshire-6diohmfiq-mailfoundry.vercel.app,dpl_BqZmMgBcQPGTJuXAod98WZ9BGGXX,5,iad1,339,2048,,prj_8iQOrGzJ1eJ6OttmZ8LMj00sqIqX,,,01M0HMX8D5TB9A6Y7WB9Z69JS0,0wS2QYpHHVTK,1,,
2026-08-21 07:52:30,1787298750850,www.staffordshirewoodfuels.co.uk/api/log-drain,POST,,200,6cvbq-1787298750850-a649b00bc2c3,VercelDrain/1.0 (+https://vercel.com/docs/drains),,production,main,MISS,function,/api/log-drain,www.staffordshirewoodfuels.co.uk,staffordshire-6diohmfiq-mailfoundry.vercel.app,dpl_BqZmMgBcQPGTJuXAod98WZ9BGGXX,5,iad1,371,2048,,prj_8iQOrGzJ1eJ6OttmZ8LMj00sqIqX,,,01M0HMX8CRSJRZ8SKDVBDR7C1Y,ixQP0En4HAtx,1,,
2026-08-21 07:52:30,1787298750850,www.staffordshirewoodfuels.co.uk/api/log-drain,POST,,200,6cvbq-1787298750850-a649b00bc2c3,VercelDrain/1.0 (+https://vercel.com/docs/drains),,production,main,MISS,middleware,/_middleware,www.staffordshirewoodfuels.co.uk,staffordshire-6diohmfiq-mailfoundry.vercel.app,dpl_BqZmMgBcQPGTJuXAod98WZ9BGGXX,5,iad1,339,2048,,prj_8iQOrGzJ1eJ6OttmZ8LMj00sqIqX,,,01M0HMX8C7QBXV6RDPS4T46F40,0wS2QYpHHVTK,1,,
